title,congress_id,first_name,last_name,chamber,district,state,party,facebook_url,twitter_handle,member_level,signed_letter_count,voted_with_bma_count,legislation
Del. Madeleine Bordallo (D-GU-1),B001245,Madeleine,Bordallo,rep,0,GU,D,https://www.facebook.com/madeleine.bordallo/,,,,,
Rep. Jaime Herrera Beutler (R-WA-3),H001056,Jaime,Herrera Beutler,rep,3,WA,R,,@JaimeForUSRep,Supporter,1,,Guthrie 298 Letter;02.01.18;Letter Sponsor
Rep. Jim Renacci (R-OH-16),R000586,Jim,Renacci,rep,16,OH,R,https://www.facebook.com/repjimrenacci,@RepJimRenacci,Supporter,3,,Roskam-Johnson ANTI-POS Rebate Letter;01.26.18;Letter Sponsor|Guthrie 298 Letter;02.01.18;Letter Sponsor|W&M/E&C GOP Letter;03.15.18;Letter Sponsor
Rep. Diane Black (R-TN-6),B001273,Diane,Black,rep,6,TN,R,https://www.facebook.com/DianeBlackTN06,@RepDianeBlack,Champion,1,2,Guthrie 298 Letter;02.01.18;Letter Sponsor|H.R. 1995:  V-BID for Better Care Act of 2017;2017-04-06;Primary Sponsor|H.R. 3727: Increasing Telehealth Access in Medicare (ITAM) Act;2017-09-11;Primary Sponsor
Sen. Amy Klobuchar (D-MN),K000367,Amy,Klobuchar,sen,,MN,D,https://www.facebook.com/amyklobuchar,@amyklobuchar,Supporter,1,,Crapo-Nelson 65 Letter;01.30.18;Letter Sponsor
Rep. Austin Scott (R-GA-8),S001189,Austin,Scott,rep,8,GA,R,https://www.facebook.com/RepAustinScott,@AustinScottGA08,Supporter,1,,Guthrie 298 Letter;02.01.18;Letter Sponsor
Rep. Bennie Thompson (D-MS-2),T000193,Bennie,Thompson,rep,2,MS,D,https://www.facebook.com/pages/Congressman-Bennie-G-Thompson/7259193379,@BennieGThompson,,,,
Rep. Betty McCollum (D-MN-4),M001143,Betty,McCollum,rep,4,MN,D,https://www.facebook.com/repbettymccollum,@BettyMcCollum04,Supporter,1,,Guthrie 298 Letter;02.01.18;Letter Sponsor
Sen. Bill Cassidy (R-LA),C001075,Bill,Cassidy,sen,,LA,R,https://www.facebook.com/billcassidy/,@BillCassidy,Supporter,1,,Crapo-Nelson 65 Letter;01.30.18;Letter Sponsor
Rep. Bill Pascrell (D-NJ-9),P000096,Bill,Pascrell,rep,9,NJ,D,https://www.facebook.com/pascrell,@BillPascrell,,,,
Rep. Earl Blumenauer (D-OR-3),B000574,Earl,Blumenauer,rep,3,OR,D,,@BlumenauerMedia,Champion,1,,Guthrie 298 Letter;02.01.18;Letter Leader
Rep. Bob Latta (R-OH-5),L000566,Bob,Latta,rep,5,OH,R,https://www.facebook.com/boblatta?fref=ts,@BobLatta,Supporter,1,,Guthrie 298 Letter;02.01.18;Letter Sponsor
Rep. Brad Sherman (D-CA-30),S000344,Brad,Sherman,rep,30,CA,D,https://www.facebook.com/CongressmanBradSherman,@BradSherman,Supporter,1,,Guthrie 298 Letter;02.01.18;Letter Sponsor
Rep. Dutch Ruppersberger (D-MD-2),R000576,Dutch,Ruppersberger,rep,2,MD,D,,@Call_Me_Dutch,,,,
Rep. Cathy McMorris Rodgers (R-WA-5),M001159,Cathy,McMorris Rodgers,rep,5,WA,R,https://www.facebook.com/mcmorrisrodgers,@CathyMcMorris,Champion,1,1,Guthrie 298 Letter;02.01.18;Letter Sponsor|H.R. 1995:  V-BID for Better Care Act of 2017;2017-04-06;Original Cosponsor
Rep. Chellie Pingree (D-ME-1),P000597,Chellie,Pingree,rep,1,ME,D,https://www.facebook.com/ChelliePingree,@ChelliePingree,,,,
"Sen. Christopher ""Chris"" Coons (D-DE)",C001088,Christopher,Coons,sen,,DE,D,https://www.facebook.com/senatorchriscoons,@ChrisCoons,,,,
Sen. Chris Murphy (D-CT),M001169,Chris,Murphy,sen,,CT,D,https://www.facebook.com/ChrisMurphyCT/,@ChrisMurphyCT,Supporter,1,,Crapo-Nelson 65 Letter;01.30.18;Letter Sponsor
Sen. Chris Van Hollen (D-MD),V000128,Chris,Van Hollen,sen,,MD,D,https://www.facebook.com/chrisvanhollen/,@ChrisVanHollen,,,,
Sen. Chuck Grassley (R-IA),G000386,Chuck,Grassley,sen,,IA,R,https://www.facebook.com/grassley,@ChuckGrassley,Supporter,2,,Crapo-Nelson 65 Letter;01.30.18;Letter Sponsor|Sen GOP Finance Cmte;03.20.18;Letter Sponsor
"Rep. James ""Jim"" Clyburn (D-SC-6)",C000537,James,Clyburn,rep,6,SC,D,https://www.facebook.com/jameseclyburn,@Clyburn,,,,
Rep. Collin Peterson (D-MN-7),P000258,Collin,Peterson,rep,7,MN,D,https://www.facebook.com/pages/Collin-Peterson/6595227967?fref=ts,@CollinPeterson,Supporter,1,,Guthrie 298 Letter;02.01.18;Letter Sponsor
Rep. Mike Conaway (R-TX-11),C001062,Mike,Conaway,rep,11,TX,R,https://www.facebook.com/mike.conaway,@ConawayTX11,Supporter,1,,Guthrie 298 Letter;02.01.18;Letter Sponsor
Rep. Bill Posey (R-FL-8),P000599,Bill,Posey,rep,8,FL,R,https://www.facebook.com/bill.posey15,@CongBillPosey,Supporter,1,,Guthrie 298 Letter;02.01.18;Letter Sponsor
Rep. John Culberson (R-TX-7),C001048,John,Culberson,rep,7,TX,R,https://www.facebook.com/johnculberson/?fref=ts,@CongCulberson,Supporter,1,,Guthrie 298 Letter;02.01.18;Letter Sponsor
Rep. Mike Simpson (R-ID-2),S001148,Mike,Simpson,rep,2,ID,R,https://www.facebook.com/pages/Mike-Simpson/96007744606,@CongMikeSimpson,Supporter,1,,Guthrie 298 Letter;02.01.18;Letter Sponsor
Rep. Steven Palazzo (R-MS-4),P000601,Steven,Palazzo,rep,4,MS,R,https://www.facebook.com/stevenpalazzo,@CongPalazzo,Supporter,1,,Guthrie 298 Letter;02.01.18;Letter Sponsor
"Rep. Glenn ""G.T."" Thompson (R-PA-5)",T000467,Glenn,Thompson,rep,5,PA,R,https://www.facebook.com/CongressmanGT,@CongressmanGT,Supporter,2,,Guthrie 298 Letter;02.01.18;Letter Sponsor|PA Del EGWP Letter;03.19.18;Letter Sponsor
Rep. Jody Hice (R-GA-10),H001071,Jody,Hice,rep,10,GA,R,https://www.facebook.com/CongressmanJodyHice,@congressmanhice,Supporter,1,,Guthrie 298 Letter;02.01.18;Letter Sponsor
Rep. Raja Krishnamoorthi (D-IL-8),K000391,Raja,Krishnamoorthi,rep,8,IL,D,http://www.facebook.com/congressmanraja,@congressmanraja,,,,
Rep. Raul Ruiz (D-CA-36),R000599,Raul,Ruiz,rep,36,CA,D,https://www.facebook.com/CongressmanRaulRuizMD,@CongressmanRuiz,Supporter,1,,Guthrie 298 Letter;02.01.18;Letter Sponsor
Sen. Cory Booker (D-NJ),B001288,Cory,Booker,sen,,NJ,D,https://www.facebook.com/corybooker/,@CoryBooker,,,,
Rep. John Curtis (R-UT-3),C001114,John,Curtis,rep,3,UT,R,https://www.facebook.com/JohnCurtisCampaign/,@CurtisUT,Supporter,1,,Guthrie 298 Letter;02.01.18;Letter Sponsor
Rep. Dana Rohrabacher (R-CA-48),R000409,Dana,Rohrabacher,rep,48,CA,R,,@DanaRohrabacher,,,,
Rep. Darrell Issa (R-CA-49),I000056,Darrell,Issa,rep,49,CA,R,https://www.facebook.com/darrellissa,@DarrellIssa,Supporter,1,,Guthrie 298 Letter;02.01.18;Letter Sponsor
Rep. Dave Loebsack (D-IA-2),L000565,Dave,Loebsack,rep,2,IA,D,https://www.facebook.com/DaveLoebsack,@DaveLoebsack,Supporter,1,,Guthrie 298 Letter;02.01.18;Letter Sponsor
Rep. Dave Reichert (R-WA-8),R000578,Dave,Reichert,rep,8,WA,R,https://www.facebook.com/repdavereichert,@DaveReichert,Supporter,2,,Guthrie 298 Letter;02.01.18;Letter Sponsor|W&M/E&C GOP Letter;03.15.18;Letter Sponsor
Rep. Scott DesJarlais (R-TN-4),D000616,Scott,DesJarlais,rep,4,TN,R,https://www.facebook.com/ScottDesJarlaisTN04,@desjarlaistn04,Supporter,1,,Guthrie 298 Letter;02.01.18;Letter Sponsor
Rep. Donald Norcross (D-NJ-1),N000188,Donald,Norcross,rep,1,NJ,D,https://www.facebook.com/DonaldNorcrossNJ,@DonaldNorcross,Supporter,1,,Guthrie 298 Letter;02.01.18;Letter Sponsor
Rep. Doris Matsui (D-CA-6),M001163,Doris,Matsui,rep,6,CA,D,https://www.facebook.com/doris.matsui,@DorisMatsui,Champion,1,1,Guthrie 298 Letter;02.01.18;Letter Sponsor|H.R. 3727: Increasing Telehealth Access in Medicare (ITAM) Act;2017-09-11;Original Cosponsor
Rep. Neal Dunn (R-FL-2),D000628,Neal,Dunn,rep,2,FL,R,https://www.facebook.com/DrNealDunnFL2/,@DrNealDunFL2,Supporter,1,,Guthrie 298 Letter;02.01.18;Letter Sponsor
Rep. Phil Roe (R-TN-1),R000582,Phil,Roe,rep,1,TN,R,,@DrPhilRoe,Supporter,1,,Guthrie 298 Letter;02.01.18;Letter Sponsor
Sen. Rand Paul (R-KY),P000603,Rand,Paul,sen,,KY,R,https://www.facebook.com/SenatorRandPaul,@DrRandPaul,Supporter,1,,Crapo-Nelson 65 Letter;01.30.18;Letter Sponsor
Del. Eleanor Norton (D-DC-1),N000147,Eleanor,Norton,rep,0,DC,D,,@EleanorNorton,,,,
Rep. Ted Budd (R-NC-13),B001305,Ted,Budd,rep,13,NC,R,http://www.facebook.com/RepTedBudd/,@epTedBudd,,,,
Rep. Frank Pallone (D-NJ-6),P000034,Frank,Pallone,rep,6,NJ,D,https://www.facebook.com/RepFrankPallone,@FrankPallone,supporter,1,,Brady/Walden/Neal/Pallone-W&M/E&C;03.28.18;Letter Leader
Rep. Gerry Connolly (D-VA-11),C001078,Gerry,Connolly,rep,11,VA,D,,@GerryConnolly,,,,
Rep. Grace Napolitano (D-CA-32),N000179,Grace,Napolitano,rep,32,CA,D,https://www.facebook.com/RepGraceNapolitano,@GraceNapolitano,Supporter,1,,Guthrie 298 Letter;02.01.18;Letter Sponsor
Sen. Lindsey Graham (R-SC),G000359,Lindsey,Graham,sen,,SC,R,https://www.facebook.com/USSenatorLindseyGraham/,@GrahamBlog,Supporter,1,,Crapo-Nelson 65 Letter;01.30.18;Letter Sponsor
Rep. Gregg Harper (R-MS-3),H001045,Gregg,Harper,rep,3,MS,R,https://www.facebook.com/GreggHarper,@GreggHarper,Supporter,2,,Guthrie 298 Letter;02.01.18;Letter Sponsor|W&M/E&C GOP Letter;03.15.18;Letter Sponsor
"Del. Gregorio ""Killili"" Sablan (D-MP-1)",S001177,Gregorio,Sablan,rep,0,MI,D,,@GregorioSablan,,,,
Rep. Gregory Meeks (D-NY-5),M001137,Gregory,Meeks,rep,5,NY,D,https://www.facebook.com/gregorymeeksny05,@GregoryMeeks,,,,
Rep. Anthony Brown (D-MD-4),B001304,Anthony,Brown,rep,4,MD,D,http://www.facebook.com/HouseDemocrats,@housedemocrats,,,,
Rep. Colleen Hanabusa (D-HI-1),H001050,Colleen,Hanabusa,rep,1,HI,D,http://www.facebook.com/HouseDemocrats,@housedemocrats,Supporter,1,,Guthrie 298 Letter;02.01.18;Letter Sponsor
"Rep. Jacklyn ""Jacky"" Rosen (D-NV-3)",R000608,Jacklyn,Rosen,rep,3,NV,D,,@housedemocrats,Supporter,1,,Guthrie 298 Letter;02.01.18;Letter Sponsor
Rep. Lou Correa (D-CA-46),C001110,Lou,Correa,rep,46,CA,D,,@housedemocrats,Supporter,1,,Guthrie 298 Letter;02.01.18;Letter Sponsor
Rep. James Comer (R-KY-1),C001108,James,Comer,rep,1,KY,R,http://www.facebook.com/congressmancomer,@housegop,Supporter,1,,Guthrie 298 Letter;02.01.18;Letter Sponsor
Rep. Don Bacon (R-NE-2),B001298,Don,Bacon,rep,2,NE,R,http://www.facebook.com/HouseRepublicans,@housegop,,,,
Rep. Lloyd Smucker (R-PA-16),S001199,Lloyd,Smucker,rep,16,PA,R,http://www.facebook.com/HouseRepublicans,@housegop,Supporter,2,,Guthrie 298 Letter;02.01.18;Letter Sponsor|PA Del EGWP Letter;03.19.18;Letter Sponsor
Rep. Scott Taylor (R-VA-2),T000477,Scott,Taylor,rep,2,VA,R,http://www.facebook.com/HouseRepublicans,@housegop,Supporter,1,,Guthrie 298 Letter;02.01.18;Letter Sponsor
Rep. Will Hurd (R-TX-23),H001073,Will,Hurd,rep,23,TX,R,https://www.facebook.com/HurdOnTheHill,@hurdonthehill,Supporter,1,,Guthrie 298 Letter;02.01.18;Letter Sponsor
"Sen. James ""Jim"" Inhofe (R-OK)",I000024,James,Inhofe,sen,,OK,R,https://www.facebook.com/jiminhofe,@InhofePress,Supporter,1,,Crapo-Nelson 65 Letter;01.30.18;Letter Sponsor
Rep. Sheila Jackson Lee (D-TX-18),J000032,Sheila,Jackson Lee,rep,18,TX,D,https://www.facebook.com/CongresswomanSheilaJacksonLee,@JacksonLeeTX18,,,,
Rep. Jim Himes (D-CT-4),H001047,Jim,Himes,rep,4,CT,D,,@JAHimes,Supporter,1,,Guthrie 298 Letter;02.01.18;Letter Sponsor
Rep. Jan Schakowsky (D-IL-9),S001145,Jan,Schakowsky,rep,9,IL,D,,@JanSchakowsky,,,,
Rep. Jared Polis (D-CO-2),P000598,Jared,Polis,rep,2,CO,D,https://www.facebook.com/jaredpolis,@JaredPolis,,,,
Sen. Jeff Flake (R-AZ),F000444,Jeff,Flake,sen,,AZ,R,https://www.facebook.com/senatorjeffflake,@JeffFlake,Supporter,1,,Crapo-Nelson 65 Letter;01.30.18;Letter Sponsor
Rep. Jeff Fortenberry (R-NE-1),F000449,Jeff,Fortenberry,rep,1,NE,R,https://www.facebook.com/jefffortenberry,@JeffFortenberry,,,,
Sen. Jerry Moran (R-KS),M000934,Jerry,Moran,sen,,KS,R,https://www.facebook.com/jerrymoran,@JerryMoran,,,,
Rep. Jim Jordan (R-OH-4),J000289,Jim,Jordan,rep,4,OH,R,https://www.facebook.com/repjimjordan,@Jim_Jordan,,,,
Rep. Jim Langevin (D-RI-2),L000559,Jim,Langevin,rep,2,RI,D,,@JimLangevin,,,,
Rep. Jimmy Gomez (D-CA-34),G000585,Jimmy,Gomez,rep,34,CA,D,https://www.facebook.com/jimmygomezca/,@JimmyGomezCA,Supporter,1,,Guthrie 298 Letter;02.01.18;Letter Sponsor
Rep. Jim Sensenbrenner (R-WI-5),S000244,Jim,Sensenbrenner,rep,5,WI,R,https://www.facebook.com/RepSensenbrenner,@JimPressOffice,Supporter,1,,Guthrie 298 Letter;02.01.18;Letter Sponsor
Rep. Joaquin Castro (D-TX-20),C001091,Joaquin,Castro,rep,20,TX,D,https://www.facebook.com/JoaquinCastroTX,@JoaquinCastrotx,,,,
Sen. John Boozman (R-AR),B001236,John,Boozman,sen,,AR,R,https://www.facebook.com/JohnBoozman/,@JohnBoozman,Supporter,1,,Crapo-Nelson 65 Letter;01.30.18;Letter Sponsor
Whip John Cornyn (R-TX),C001056,John,Cornyn,sen,,TX,R,https://www.facebook.com/SenJohnCornyn/,@JohnCornyn,Supporter,2,,Crapo-Nelson 65 Letter;01.30.18;Letter Sponsor|Sen GOP Finance Cmte;03.20.18;Letter Sponsor
Rep. John Carter (R-TX-31),C001051,John,Carter,rep,31,TX,R,https://www.facebook.com/judgecarter,@JudgeCarter,Supporter,1,,Guthrie 298 Letter;02.01.18;Letter Sponsor
Rep. Ted Poe (R-TX-2),P000592,Ted,Poe,rep,2,TX,R,https://www.facebook.com/pages/Ted-Poe/106631626049851,@JudgeTedPoe,Supporter,1,,Guthrie 298 Letter;02.01.18;Letter Sponsor
Rep. Julia Brownley (D-CA-26),B001285,Julia,Brownley,rep,26,CA,D,https://www.facebook.com/RepJuliaBrownley,@JuliaBrownley26,Supporter,1,,Guthrie 298 Letter;02.01.18;Letter Sponsor
Rep. Justin Amash (R-MI-3),A000367,Justin,Amash,rep,3,MI,R,https://www.facebook.com/repjustinamash,@justinamash,,,,
Sen. Kamala Harris (D-CA),H001075,Kamala,Harris,sen,,CA,D,https://www.facebook.com/KamalaHarris/,@KamalaHarris,,,,
Rep. Karen Handel (R-GA-6),H001078,Karen,Handel,rep,6,GA,R,https://www.facebook.com/handel.karen/,@karenhandel,Supporter,1,,Guthrie 298 Letter;02.01.18;Letter Sponsor
Rep. Keith Ellison (D-MN-5),E000288,Keith,Ellison,rep,5,MN,D,https://www.facebook.com/Keith.Ellison,@KeithEllison,,,,
Rep. Keith Rothfus (R-PA-12),R000598,Keith,Rothfus,rep,12,PA,R,https://www.facebook.com/keithrothfus,@KeithRothfus,Supporter,2,,Guthrie 298 Letter;02.01.18;Letter Sponsor|PA Del EGWP Letter;03.19.18;Letter Sponsor
Rep. Ken Calvert (R-CA-42),C000059,Ken,Calvert,rep,42,CA,R,https://www.facebook.com/RepKenCalvert,@KenCalvert,Supporter,1,,Guthrie 298 Letter;02.01.18;Letter Sponsor
Rep. Lacy Clay (D-MO-1),C001049,Lacy,Clay,rep,1,MO,D,https://www.facebook.com/pages/Congressman-Wm-Lacy-Clay/109135405838588,@LacyClayMO1,Supporter,1,,Guthrie 298 Letter;02.01.18;Letter Sponsor
Rep. Lamar Smith (R-TX-21),S000583,Lamar,Smith,rep,21,TX,R,https://www.facebook.com/LamarSmithTX21,@LamarSmithTX21,Supporter,1,,Guthrie 298 Letter;02.01.18;Letter Sponsor
Sen. Lisa Murkowski (R-AK),M001153,Lisa,Murkowski,sen,,AK,R,https://www.facebook.com/SenLisaMurkowski/,@lisamurkowski,,,,
Rep. Luis Gutierrez (D-IL-4),G000535,Luis,Gutiérrez,rep,4,IL,D,https://www.facebook.com/RepGutierrez,@LuisGutierrez,,,,
Rep. Mac Thornberry (R-TX-13),T000238,Mac,Thornberry,rep,13,TX,R,https://www.facebook.com/repmacthornberry,@MacTXPress,Supporter,1,,Guthrie 298 Letter;02.01.18;Letter Sponsor
Sen. Marco Rubio (R-FL),R000595,Marco,Rubio,sen,,FL,R,https://www.facebook.com/SenatorMarcoRubio,@marcorubio,Supporter,1,,Crapo-Nelson 65 Letter;01.30.18;Letter Sponsor
Rep. Mario Diaz-Balart (R-FL-25),D000600,Mario,Diaz-Balart,rep,25,FL,D,https://www.facebook.com/mdiazbalart,@MarioDB,Supporter,1,,Guthrie 298 Letter;02.01.18;Letter Sponsor
Rep. Mark Amodei (R-NV-2),A000369,Mark,Amodei,rep,2,NV,R,https://www.facebook.com/MarkAmodeiNV2,@MarkAmodeiNV2,Supporter,1,,Guthrie 298 Letter;02.01.18;Letter Sponsor
Rep. Marsha Blackburn (R-TN-7),B001243,Marsha,Blackburn,rep,7,TN,R,https://www.facebook.com/marshablackburn?_rdr=p,@MarshaBlackburn,Supporter,2,,Guthrie 298 Letter;02.01.18;Letter Sponsor|W&M/E&C GOP Letter;03.15.18;Letter Sponsor
Sen. Martin Heinrich (D-NM),H001046,Martin,Heinrich,sen,,NM,D,https://www.facebook.com/MartinHeinrich,@MartinHeinrich,Supporter,1,,Crapo-Nelson 65 Letter;01.30.18;Letter Sponsor
Rep. Maxine Waters (D-CA-43),W000187,Maxine,Waters,rep,43,CA,D,https://www.facebook.com/MaxineWaters,@MaxineWaters,,,,
Sen. Mazie Hirono (D-HI),H001042,Mazie,Hirono,sen,,HI,D,https://www.facebook.com/senatorhirono,@maziehirono,Supporter,1,,Crapo-Nelson 65 Letter;01.30.18;Letter Sponsor
Sen. Claire McCaskill (D-MO),M001170,Claire,McCaskill,sen,,MO,D,https://www.facebook.com/senatormccaskill,@McCaskillOffice,,,,
Leader Mitch McConnell (R-KY),M000355,Mitch,McConnell,sen,,KY,R,https://www.facebook.com/mitchmcconnell,@McConnellPress,,,,
"Rep. Michael ""Mike"" Burgess (R-TX-26)",B001248,Michael,Burgess,rep,26,TX,R,https://www.facebook.com/michaelcburgess,@MichaelCBurgess,Supporter,1,,W&M/E&C GOP Letter;03.15.18;Letter Leader
Rep. Mike Kelly (R-PA-3),K000376,Mike,Kelly,rep,3,PA,R,https://www.facebook.com/pages/Representative-Mike-Kelly/191056827594903,@MikeKellyPA,Champion,3,1,Guthrie 298 Letter;02.01.18;Letter Sponsor|W&M/E&C GOP Letter;03.15.18;Letter Sponsor|PA Del EGWP Letter;03.19.18;Letter Sponsor|H.R. 908: Medicare Advantage Quality Payment Relief Act;2017-02-07;Primary Sponsor
Leader Nancy Pelosi (D-CA-12),P000197,Nancy,Pelosi,rep,12,CA,D,https://www.facebook.com/NancyPelosi,@NancyPelosi,,,,
Rep. Niki Tsongas (D-MA-3),T000465,Niki,Tsongas,rep,3,MA,D,https://www.facebook.com/RepTsongas,@NikiInTheHouse,,,,
Rep. Nita Lowey (D-NY-17),L000480,Nita,Lowey,rep,17,NY,D,https://www.facebook.com/RepLowey,@NitaLowey,,,,
Rep. Norma Torres (D-CA-35),T000316,Norma,Torres,rep,35,CA,D,https://www.facebook.com/RepNormaTorres,@NormaJTorres,Supporter,1,,Guthrie 298 Letter;02.01.18;Letter Sponsor
Rep. Nydia Velazquez (D-NY-7),V000081,Nydia,Velázquez,rep,7,NY,D,https://www.facebook.com/pages/Nydia-Velazquez/8037068318,@NydiaVelazquez,Supporter,1,,Guthrie 298 Letter;02.01.18;Letter Sponsor
Rep. Patrick McHenry (R-NC-10),M001156,Patrick,McHenry,rep,10,NC,R,https://www.facebook.com/CongressmanMcHenry,@PatrickMcHenry,,,,
Sen. Patty Murray (D-WA),M001111,Patty,Murray,sen,,WA,D,https://www.facebook.com/pattymurray,@PattyMurray,,,,
Rep. Peter Roskam (R-IL-6),R000580,Peter,Roskam,rep,6,IL,R,https://www.facebook.com/RepRoskam,@PeterRoskam,Champion,3,,Roskam-Johnson ANTI-POS Rebate Letter;01.26.18;Letter Leader|Guthrie 298 Letter;02.01.18;Letter Sponsor|W&M/E&C GOP Letter;03.15.18;Letter Leader
Rep. Peter Welch (D-VT-1),W000800,Peter,Welch,rep,0,VT,D,https://www.facebook.com/PeterWelch,@PeterWelch,,,,
Rep. Pete Sessions (R-TX-32),S000250,Pete,Sessions,rep,32,TX,R,https://www.facebook.com/petesessions,@PeteSessions,Supporter,1,,Guthrie 298 Letter;02.01.18;Letter Sponsor
Rep. Ralph Norman (R-SC-5),N000190,Ralph,Norman,rep,5,SC,R,https://www.facebook.com/RepRalphNorman/,@RalphNorman,,,,
Rep. Raul Labrador (R-ID-1),L000573,Raul,Labrador,rep,1,ID,R,https://www.facebook.com/raul.r.labrador,@Raul_Labrador,,,,
Rep. Albio Sires (D-NJ-8),S001165,Albio,Sires,rep,8,NJ,D,https://www.facebook.com/RepAlbioSires?fref=ts,@Rep_Albio_Sires,,,,
Rep. Devin Nunes (R-CA-22),N000181,Devin,Nunes,rep,22,CA,R,https://www.facebook.com/rep.nunes,@Rep_DevinNunes,Supporter,2,,Guthrie 298 Letter;02.01.18;Letter Sponsor|W&M/E&C GOP Letter;03.15.18;Letter Sponsor
Rep. Duncan Hunter (R-CA-50),H000981,Duncan,Hunter,rep,50,CA,R ,https://www.facebook.com/DuncanHunter,@Rep_Hunter,Supporter,1,,Guthrie 298 Letter;02.01.18;Letter Sponsor
Rep. Matt Gaetz (R-FL-1),G000578,Matt,Gaetz,rep,1,FL,R,http://www.facebook.com/CongressmanMattGaetz/,@Rep_Matt_Gaetz,Supporter,1,,Guthrie 298 Letter;02.01.18;Letter Sponsor
Rep. Steve Womack (R-AR-3),W000809,Steve,Womack,rep,3,AR,R,https://www.facebook.com/RepSteveWomack?v=wall,@Rep_SteveWomack,Supporter,1,,Guthrie 298 Letter;02.01.18;Letter Sponsor
"Rep. Thomas ""Tom"" Garrett (R-VA-5)",G000580,Thomas,Garrett,rep,5,VA,R,,@Rep_Tom_Garrett,Supporter,1,,Guthrie 298 Letter;02.01.18;Letter Sponsor
Rep. Ralph Abraham (R-LA-5),A000374,Ralph,Abraham,rep,5,LA,R,https://www.facebook.com/CongressmanRalphAbraham,@RepAbraham,Supporter,1,,Guthrie 298 Letter;02.01.18;Letter Sponsor
Rep. Alma Adams (D-NC-12),A000370,Alma,Adams,rep,12,NC,D,https://www.facebook.com/CongresswomanAdams,@RepAdams,Supporter,1,,Guthrie 298 Letter;02.01.18;Letter Sponsor
Rep. Adam Schiff (D-CA-28),S001150,Adam,Schiff,rep,28,CA,D,https://www.facebook.com/RepAdamSchiff,@RepAdamSchiff,Supporter,1,,Guthrie 298 Letter;02.01.18;Letter Sponsor
Rep. Adam Smith (D-WA-9),S000510,Adam,Smith,rep,9,WA,D,https://www.facebook.com/RepAdamSmith,@RepAdamSmith,Supporter,1,,Guthrie 298 Letter;02.01.18;Letter Sponsor
Rep. Adrian Smith (R-NE-3),S001172,Adrian,Smith,rep,3,NE,R,https://www.facebook.com/AdrianSmithNE?fref=ts,@RepAdrianSmith,Supporter,2,,Guthrie 298 Letter;02.01.18;Letter Sponsor|W&M/E&C GOP Letter;03.15.18;Letter Sponsor
Rep. Alex Mooney (R-WV-2),M001195,Alex,Mooney,rep,2,WV,R,,@RepAlexMooney,Supporter,1,,WV Del EGWP Letter;03.12.18;Letter Sponsor
Rep. Al Green (D-TX-9),G000553,Al,Green,rep,9,TX,D,https://www.facebook.com/Congressman-Al-Green-224027854297805/,@RepAlGreen,,,,
"Rep. Alfred ""Al"" Lawson (D-FL-5)",L000586,Alfred,Lawson,rep,5,FL,D,,@RepAlLawsonJr,Supporter,1,,Guthrie 298 Letter;02.01.18;Letter Sponsor
"Del. Aumua ""Aumua Amata"" Radewagen (R-AS-1)",R000600,Aumua,Radewagen,rep,0,AS,R,,@RepAmata,,,,
Rep. Andre Carson (D-IN-7),C001072,Andre,Carson,rep,7,IN,D,https://www.facebook.com/CongressmanAndreCarson,@RepAndreCarson,,,,
Rep. Andy Barr (R-KY-6),B001282,Andy,Barr,rep,6,KY,R,https://www.facebook.com/RepAndyBarr,@RepAndyBarr,Supporter,1,,Guthrie 298 Letter;02.01.18;Letter Sponsor
Rep. Andy Biggs (R-AZ-5),B001302,Andy,Biggs,rep,5,AZ,R,http://www.facebook.com/RepAndyBiggs,@RepAndyBiggsAZ,,,,
Rep. Andy Harris (R-MD-1),H001052,Andy,Harris,rep,1,MD,R,https://www.facebook.com/AndyHarrisMD,@RepAndyHarrisMD,,,,
Rep. Anna Eshoo (D-CA-18),E000215,Anna,Eshoo,rep,18,CA,D,https://www.facebook.com/RepAnnaEshoo,@RepAnnaEshoo,,,,
"Rep. Ann ""Annie"" Kuster (D-NH-2)",K000382,Ann,Kuster,rep,2,NH,D,,@RepAnnieKuster,Supporter,1,,Guthrie 298 Letter;02.01.18;Letter Sponsor
Rep. Ann Wagner (R-MO-2),W000812,Ann,Wagner,rep,2,MO,R,https://www.facebook.com/RepAnnWagner,@RepAnnWagner,Supporter,1,,Guthrie 298 Letter;02.01.18;Letter Sponsor
Rep. Jodey Arrington (R-TX-19),A000375,Jodey,Arrington,rep,19,TX,R,http://www.facebook.com/JodeyArrington,@RepArrington,Supporter,1,,Guthrie 298 Letter;02.01.18;Letter Sponsor
Rep. Barbara Lee (D-CA-13),L000551,Barbara,Lee,rep,13,CA,D,https://www.facebook.com/RepBarbaraLee,@RepBarbaraLee,,,,
Rep. Nanette Barragan (D-CA-44),B001300,Nanette,Barragán,rep,44,CA,D,,@RepBarragan,Supporter,1,,Guthrie 298 Letter;02.01.18;Letter Sponsor
Rep. Joyce Beatty (D-OH-3),B001281,Joyce,Beatty,rep,3,OH,D,https://www.facebook.com/RepJoyceBeatty,@repbeatty,,,,
"Rep. Ben ""Ben Ray"" Lujan (D-NM-3)",L000570,Ben,Luján,rep,3,NM,D,https://www.facebook.com/RepBenRayLujan,@RepBenRayLujan,Supporter,1,,Guthrie 298 Letter;02.01.18;Letter Sponsor
Rep. Ami Bera (D-CA-7),B001287,Ami,Bera,rep,7,CA,D,https://www.facebook.com/RepAmiBera,@RepBera,Supporter,1,,Guthrie 298 Letter;02.01.18;Letter Sponsor
Rep. Beto O'Rourke (D-TX-16),O000170,Beto,O'Rourke,rep,16,TX,D,https://www.facebook.com/BetoORourkeTX16,@RepBetoORourke,Supporter,1,,Guthrie 298 Letter;02.01.18;Letter Sponsor
Rep. Bill Flores (R-TX-17),F000461,Bill,Flores,rep,17,TX,R,https://www.facebook.com/RepBillFlores,@RepBillFlores,Supporter,1,,Guthrie 298 Letter;02.01.18;Letter Sponsor
Rep. Bill Foster (D-IL-11),F000454,Bill,Foster,rep,11,IL,D,https://www.facebook.com/CongressmanBillFoster,@RepBillFoster,,,,
Rep. Bill Johnson (R-OH-6),J000292,Bill,Johnson,rep,6,OH,R,https://www.facebook.com/RepBillJohnson,@RepBillJohnson,Supporter,3,,Roskam-Johnson ANTI-POS Rebate Letter;01.26.18;Letter Sponsor|Guthrie 298 Letter;02.01.18;Letter Sponsor|W&M/E&C GOP Letter;03.15.18;Letter Sponsor
Rep. Bill Shuster (R-PA-9),S001154,Bill,Shuster,rep,9,PA,R,https://www.facebook.com/Rep.Shuster,@RepBillShuster,Supporter,2,,Guthrie 298 Letter;02.01.18;Letter Sponsor|PA Del EGWP Letter;03.19.18;Letter Sponsor
Rep. Blaine Luetkemeyer (R-MO-3),L000569,Blaine,Luetkemeyer,rep,3,MO,R,https://www.facebook.com/BlaineLuetkemeyer,@RepBlainePress,Supporter,1,,Guthrie 298 Letter;02.01.18;Letter Sponsor
Rep. Bobby Rush (D-IL-1),R000515,Bobby,Rush,rep,1,IL,D,https://www.facebook.com/congressmanbobbyrush,@RepBobbyRush,,,,
Rep. Bobby Scott (D-VA-3),S000185,Bobby,Scott,rep,3,VA,D,,@RepBobbyScott,,,,
Rep. Bob Gibbs (R-OH-7),G000563,Bob,Gibbs,rep,7,OH,R,https://www.facebook.com/RepBobGibbs,@RepBobGibbs,Supporter,1,,Guthrie 298 Letter;02.01.18;Letter Sponsor
Rep. Suzanne Bonamici (D-OR-1),B001278,Suzanne,Bonamici,rep,1,OR,D,https://www.facebook.com/CongresswomanBonamici,@RepBonamici,Supporter,1,,Guthrie 298 Letter;02.01.18;Letter Sponsor
Rep. Bonnie Watson Coleman (D-NJ-12),W000822,Bonnie,Watson Coleman,rep,12,NJ,D,https://www.facebook.com/RepBonnieWatsonColeman,@RepBonnie,,,,
Rep. Mike Bost (R-IL-12),B001295,Mike,Bost,rep,12,IL,R,https://www.facebook.com/RepBost,@RepBost,Supporter,1,,Guthrie 298 Letter;02.01.18;Letter Sponsor
Rep. Brad Wenstrup (R-OH-2),W000815,Brad,Wenstrup,rep,2,OH,R,https://www.facebook.com/RepBradWenstrup,@RepBradWenstrup,Supporter,1,,Guthrie 298 Letter;02.01.18;Letter Sponsor
"Rep. Robert ""Bob"" Brady (D-PA-1)",B001227,Robert,Brady,rep,1,PA,D,https://www.facebook.com/RepRobertBrady,@RepBrady,Supporter,2,,Guthrie 298 Letter;02.01.18;Letter Sponsor|PA Del EGWP Letter;03.19.18;Letter Sponsor
Rep. Brendan Boyle (D-PA-13),B001296,Brendan,Boyle,rep,13,PA,D,https://www.facebook.com/CongressmanBoyle,@RepBrendanBoyle,Supporter,2,,Guthrie 298 Letter;02.01.18;Letter Sponsor|PA Del EGWP Letter;03.19.18;Letter Sponsor
Rep. Brian Babin (R-TX-36),B001291,Brian,Babin,rep,36,TX,R,https://www.facebook.com/RepBrianBabin,@RepBrianBabin,Supporter,1,,Guthrie 298 Letter;02.01.18;Letter Sponsor
Rep. Brian Higgins (D-NY-26),H001038,Brian,Higgins,rep,26,NY,D,https://www.facebook.com/RepBrianHiggins,@RepBrianHiggins,Supporter,1,,Guthrie 298 Letter;02.01.18;Letter Sponsor
Rep. Brian Mast (R-FL-18),M001199,Brian,Mast,rep,18,FL,R,http://www.facebook.com/repbrianmast,@repbrianmast,Supporter,1,,Guthrie 298 Letter;02.01.18;Letter Sponsor
Rep. Lisa Blunt Rochester (D-DE-1),B001303,Lisa,Blunt Rochester,rep,0,DE,D,https://www.facebook.com/Rep.BluntRochester/,@RepBRochester,,,,
Rep. Buddy Carter (R-GA-1),C001103,Buddy,Carter,rep,1,GA,R,,@RepBuddyCarter,Supporter,2,,Guthrie 298 Letter;02.01.18;Letter Sponsor|W&M/E&C GOP Letter;03.15.18;Letter Sponsor
Rep. Bradley Byrne (R-AL-1),B001289,Bradley,Byrne,rep,1,AL,R,https://www.facebook.com/RepByrne,@RepByrne,Supporter,1,,Guthrie 298 Letter;02.01.18;Letter Sponsor
Rep. Salud Carbajal (D-CA-24),C001112,Salud,Carbajal,rep,24,CA,D,http://www.facebook.com/repsaludcarbajal/,@RepCarbajal,Supporter,1,,Guthrie 298 Letter;02.01.18;Letter Sponsor
Rep. Tony Cardenas (D-CA-29),C001097,Tony,Cárdenas,rep,29,CA,D,https://www.facebook.com/repcardenas,@RepCardenas,Champion,1,,Guthrie 298 Letter;02.01.18;Letter Leader
"Rep. Matthew ""Matt"" Cartwright (D-PA-17)",C001090,Matthew,Cartwright,rep,17,PA,D,,@RepCartwright,Supporter,1,,PA Del EGWP Letter;03.19.18;Letter Sponsor
"Rep. Charles ""Charlie"" Crist (D-FL-13)",C001111,Charles,Crist,rep,13,FL,D,,@repcharliecrist,Supporter,1,,Guthrie 298 Letter;02.01.18;Letter Sponsor
Rep. Cheri Bustos (D-IL-17),B001286,Cheri,Bustos,rep,17,IL,D,https://www.facebook.com/RepCheri/,@RepCheri,Supporter,1,,Guthrie 298 Letter;02.01.18;Letter Sponsor
Rep. Chris Collins (R-NY-27),C001092,Chris,Collins,rep,27,NY,R,https://www.facebook.com/RepChrisCollins,@RepChrisCollins,Supporter,2,,Guthrie 298 Letter;02.01.18;Letter Sponsor|W&M/E&C GOP Letter;03.15.18;Letter Sponsor
Rep. Chris Smith (R-NJ-4),S000522,Chris,Smith,rep,4,NJ,R,https://www.facebook.com/RepChrisSmith,@RepChrisSmith,Supporter,1,,Guthrie 298 Letter;02.01.18;Letter Sponsor
Rep. Chris Stewart (R-UT-2),S001192,Chris,Stewart,rep,2,UT,R,https://www.facebook.com/RepChrisStewart/,@RepChrisStewart,,,,
Rep. Chuck Fleischmann (R-TN-3),F000459,Chuck,Fleischmann,rep,3,TN,R,https://www.facebook.com/repchuck,@RepChuck,Supporter,1,,Guthrie 298 Letter;02.01.18;Letter Sponsor
Rep. David Cicilline (D-RI-1),C001084,David,Cicilline,rep,1,RI,D,https://www.facebook.com/CongressmanDavidCicilline,@RepCicilline,Supporter,1,,Guthrie 298 Letter;02.01.18;Letter Sponsor
"Rep. Clay ""Captain"" Higgins (R-LA-3)",H001077,Clay,Higgins,rep,3,LA,R,http://www.facebook.com/HouseRepublicans,@RepClayHiggins,Supporter,1,,Guthrie 298 Letter;02.01.18;Letter Sponsor
Rep. Emanuel Cleaver (D-MO-5),C001061,Emanuel,Cleaver,rep,5,MO,D,https://www.facebook.com/emanuelcleaverii,@RepCleaver,,,,
Rep. Steve Cohen (D-TN-9),C001068,Steve,Cohen,rep,9,TN,D,https://www.facebook.com/CongressmanSteveCohen?ref=ts,@RepCohen,Supporter,1,,Guthrie 298 Letter;02.01.18;Letter Sponsor
Rep. Barbara Comstock (R-VA-10),C001105,Barbara,Comstock,rep,10,VA,R,https://www.facebook.com/RepBarbaraComstock,@RepComstock,Supporter,1,,Guthrie 298 Letter;02.01.18;Letter Sponsor
Rep. Conor Lamb (D-PA-18),L000588,Conor,Lamb,rep,18,PA,D,,@RepConorLamb,,,,
Rep. Henry Cuellar (D-TX-28),C001063,Henry,Cuellar,rep,28,TX,D,https://www.facebook.com/pages/US-Congressman-Henry-Cuellar-TX-28/152569121550,@RepCuellar,Supporter,1,,Guthrie 298 Letter;02.01.18;Letter Sponsor
Rep. Elijah Cummings (D-MD-7),C000984,Elijah,Cummings,rep,7,MD,D,https://www.facebook.com/elijahcummings,@RepCummings,,,,
Rep. Carlos Curbelo (R-FL-26),C001107,Carlos,Curbelo,rep,26,FL,R,https://www.facebook.com/RepCurbelo,@RepCurbelo,Supporter,2,,Guthrie 298 Letter;02.01.18;Letter Sponsor|W&M/E&C GOP Letter;03.15.18;Letter Sponsor
"Rep. Daniel ""Dan"" Donovan (R-NY-11)",D000625,Daniel,Donovan,rep,11,NY,R,https://www.facebook.com/pages/Rep-Daniel-M-Donovan/867632656644580?fref=ts,@RepDanDonovan,Supporter,1,,Guthrie 298 Letter;02.01.18;Letter Sponsor
Rep. Dan Kildee (D-MI-5),K000380,Dan,Kildee,rep,5,MI,D,,@RepDanKildee,Supporter,2,,Guthrie 298 Letter;02.01.18;Letter Sponsor|MI Del EGWP Letter;03.07.18;Letter Sponsor
Rep. Danny Davis (D-IL-7),D000096,Danny,Davis,rep,7,IL,D,,@RepDannyDavis,Supporter,1,,Guthrie 298 Letter;02.01.18;Letter Sponsor
Rep. Darren Soto (D-FL-9),S001200,Darren,Soto,rep,9,FL,D,http://www.facebook.com/CongressmanDarrenSoto/,@RepDarrenSoto,Supporter,1,,Guthrie 298 Letter;02.01.18;Letter Sponsor
Rep. Dave Brat (R-VA-7),B001290,Dave,Brat,rep,7,VA,R,https://www.facebook.com/RepDaveBrat,@RepDaveBrat,,,,
Rep. Dave Joyce (R-OH-14),J000295,Dave,Joyce,rep,14,OH,R,,@RepDaveJoyce,Supporter,1,,Guthrie 298 Letter;02.01.18;Letter Sponsor
"Rep. David ""Dave"" Trott (R-MI-11)",T000475,David,Trott,rep,11,MI,R,,@repdavetrott,Supporter,2,,Guthrie 298 Letter;02.01.18;Letter Sponsor|MI Del EGWP Letter;03.07.18;Letter Sponsor
Rep. David Schweikert (R-AZ-6),S001183,David,Schweikert,rep,6,AZ,R,https://www.facebook.com/repdavidschweikert,@RepDavid,Supporter,2,,Guthrie 298 Letter;02.01.18;Letter Sponsor|W&M/E&C GOP Letter;03.15.18;Letter Sponsor
Rep. David Price (D-NC-4),P000523,David,Price,rep,4,NC,D,https://www.facebook.com/RepDavidEPrice?fref=ts&ref=br_tf,@RepDavidEPrice,,,,
Rep. David Kustoff (R-TN-8),K000392,David,Kustoff,rep,8,TN,R,http://www.facebook.com/RepDavidKustoff/,@repdavidkustoff,Supporter,1,,Guthrie 298 Letter;02.01.18;Letter Sponsor
Rep. David Rouzer (R-NC-7),R000603,David,Rouzer,rep,7,NC,R,https://www.facebook.com/RepRouzer,@RepDavidRouzer,Supporter,1,,Guthrie 298 Letter;02.01.18;Letter Sponsor
Rep. David Scott (D-GA-13),S001157,David,Scott,rep,13,GA,D,https://www.facebook.com/RepDavidScott,@RepDavidScott,Supporter,1,,Guthrie 298 Letter;02.01.18;Letter Sponsor
Rep. David Valadao (R-CA-21),V000129,David,Valadao,rep,21,CA,R,https://www.facebook.com/CongressmanDavidValadao,@RepDavidValadao,Supporter,1,,Guthrie 298 Letter;02.01.18;Letter Sponsor
Rep. David Young (R-IA-3),Y000066,David,Young,rep,3,IA,R,https://www.facebook.com/RepDavidYoung,@RepDavidYoung,Supporter,1,,Guthrie 298 Letter;02.01.18;Letter Sponsor
Rep. Debbie Dingell (D-MI-12),D000624,Debbie,Dingell,rep,12,MI,D,https://www.facebook.com/RepDebbieDingell,@RepDebDingell,Supporter,1,1,MI Del EGWP Letter;03.07.18;Letter Leader|H.R. 1995:  V-BID for Better Care Act of 2017;2017-04-06;Original Cosponsor
Rep. Suzan DelBene (D-WA-1),D000617,Suzan,DelBene,rep,1,WA,D,https://www.facebook.com/RepDelBene,@RepDelBene,Supporter,1,,Guthrie 298 Letter;02.01.18;Letter Sponsor
Rep. Dennis Ross (R-FL-15),R000593,Dennis,Ross,rep,15,FL,R,https://www.facebook.com/dennis.ross.376,@RepDennisRoss,Supporter,1,,Guthrie 298 Letter;02.01.18;Letter Sponsor
Rep. Denny Heck (D-WA-10),H001064,Denny,Heck,rep,10,WA,D,https://www.facebook.com/CongressmanDennyHeck,@RepDennyHeck,Supporter,1,,Guthrie 298 Letter;02.01.18;Letter Sponsor
Rep. Derek Kilmer (D-WA-6),K000381,Derek,Kilmer,rep,6,WA,D,https://www.facebook.com/derek.kilmer,@RepDerekKilmer,Supporter,1,,Guthrie 298 Letter;02.01.18;Letter Sponsor
Rep. Ron DeSantis (R-FL-6),D000621,Ron,DeSantis,rep,6,FL,R,https://www.facebook.com/RepDeSantis,@RepDeSantis,Supporter,1,,Guthrie 298 Letter;02.01.18;Letter Sponsor
Rep. Mark DeSaulnier (D-CA-11),D000623,Mark,DeSaulnier,rep,11,CA,D,,@RepDeSaulnier,,,,
Rep. Diana DeGette (D-CO-1),D000197,Diana,DeGette,rep,1,CO,D,https://www.facebook.com/DianaDeGette,@RepDianaDeGette,Champion,1,1,Guthrie 298 Letter;02.01.18;Letter Sponsor|H.R. 3044:  To amend title XVIII of the Social Security Act to expand supplemental benefits to meet the needs of chronically ill Medicare Advantage enrollees under Medicare;2017-06-23;Original Cosponsor
Rep. Dina Titus (D-NV-1),T000468,Dina,Titus,rep,1,NV,D,https://www.facebook.com/CongresswomanTitus,@RepDinaTitus,Supporter,1,,Guthrie 298 Letter;02.01.18;Letter Sponsor
Rep. Doug Lamborn (R-CO-5),L000564,Doug,Lamborn,rep,5,CO,R,https://www.facebook.com/CongressmanDougLamborn,@RepDLamborn,Supporter,1,,Guthrie 298 Letter;02.01.18;Letter Sponsor
Rep. Debbie Lesko (R-AZ-8),L000589,Debbie,Lesko,rep,8,AZ,R,,@RepDLesko,,,,
Rep. Donald Payne (D-NJ-10),P000149,Donald,Payne,rep,10,NJ,D,,@RepDonaldPayne,Supporter,1,,Guthrie 298 Letter;02.01.18;Letter Sponsor
Rep. Don Beyer (D-VA-8),B001292,Don,Beyer,rep,8,VA,D,,@repdonbeyer,,,,
Rep. Don Young (R-AK-1),Y000033,Don,Young,rep,0,AK,R,https://www.facebook.com/RepDonYoung?fref=ts,@RepDonYoung,Supporter,1,,Guthrie 298 Letter;02.01.18;Letter Sponsor
Rep. Doug Collins (R-GA-9),C001093,Doug,Collins,rep,9,GA,R,https://www.facebook.com/RepChrisCollins,@RepDougCollins,Supporter,1,,Guthrie 298 Letter;02.01.18;Letter Sponsor
Rep. Drew Ferguson (R-GA-3),F000465,Drew,Ferguson,rep,3,GA,R,,@RepDrewFerguson,Supporter,1,,Guthrie 298 Letter;02.01.18;Letter Sponsor
Rep. Dwight Evans (D-PA-2),E000296,Dwight,Evans,rep,2,PA,D,http://www.facebook.com/CongressmanDwightEvans/,@RepDwightEvans,Supporter,2,,Guthrie 298 Letter;02.01.18;Letter Sponsor|PA Del EGWP Letter;03.19.18;Letter Sponsor
Rep. Debbie Wasserman Schultz (D-FL-23),W000797,Debbie,Wasserman Schultz,rep,23,FL,D,https://www.facebook.com/RepDWS,@RepDWStweets,Supporter,1,,Guthrie 298 Letter;02.01.18;Letter Sponsor
Rep. Eddie Johnson (D-TX-30),J000126,Eddie,Johnson,rep,30,TX,D,,@RepEBJ,,,,
Rep. Ed Royce (R-CA-39),R000487,Ed,Royce,rep,39,CA,R,https://www.facebook.com/EdRoyce,@RepEdRoyce,Supporter,1,,Guthrie 298 Letter;02.01.18;Letter Sponsor
Rep. Eliot Engel (D-NY-16),E000179,Eliot,Engel,rep,16,NY,D,https://www.facebook.com/RepEliotLEngel,@RepEliotEngel,,,,
Rep. Erik Paulsen (R-MN-3),P000594,Erik,Paulsen,rep,3,MN,R,https://www.facebook.com/CongressmanErikPaulsen,@RepErikPaulsen,Champion,3,,Roskam-Johnson ANTI-POS Rebate Letter;01.26.18;Letter Sponsor|Guthrie 298 Letter;02.01.18;Letter Leader|W&M/E&C GOP Letter;03.15.18;Letter Sponsor
Rep. Adriano Espaillat (D-NY-13),E000297,Adriano,Espaillat,rep,13,NY,D,http://www.facebook.com/RepEspaillat,@RepEspaillat,,,,
Rep. Elizabeth Esty (D-CT-5),E000293,Elizabeth,Esty,rep,5,CT,D,https://www.facebook.com/RepEsty,@RepEsty,Supporter,1,,Guthrie 298 Letter;02.01.18;Letter Sponsor
Rep. Evan Jenkins (R-WV-3),J000297,Evan,Jenkins,rep,3,WV,R,https://www.facebook.com/RepEvanJenkins,@RepEvanJenkins,Supporter,2,,Guthrie 298 Letter;02.01.18;Letter Sponsor|WV Del EGWP Letter;03.12.18;Letter Sponsor
Rep. Filemon Vela (D-TX-34),V000132,Filemon,Vela,rep,34,TX,D,https://www.facebook.com/UsCongressmanFilemonVela,@RepFilemonVela,,,,
Rep. Brian Fitzpatrick (R-PA-8),F000466,Brian,Fitzpatrick,rep,8,PA,R,https://www.facebook.com/RepFitzpatrick,@RepFitzpatrick,Supporter,2,,Guthrie 298 Letter;02.01.18;Letter Sponsor|PA Del EGWP Letter;03.19.18;Letter Sponsor
Rep. Frank Lucas (R-OK-3),L000491,Frank,Lucas,rep,3,OK,R,https://www.facebook.com/RepFrankLucas,@RepFrankLucas,Supporter,1,,Guthrie 298 Letter;02.01.18;Letter Sponsor
Rep. Fred Upton (R-MI-6),U000031,Fred,Upton,rep,6,MI,R,https://www.facebook.com/RepFredUpton,@RepFredUpton,Supporter,3,,Guthrie 298 Letter;02.01.18;Letter Sponsor|W&M/E&C GOP Letter;03.15.18;Letter Sponsor|MI Del EGWP Letter;03.07.18;Letter Sponsor
Rep. French Hill (R-AR-2),H001072,French,Hill,rep,2,AR,R,https://www.facebook.com/RepFrenchHill,@RepFrenchHill,Supporter,1,,Guthrie 298 Letter;02.01.18;Letter Sponsor
"Rep. Michael ""Mike"" Gallagher (R-WI-8)",G000579,Michael,Gallagher,rep,8,WI,R,,@RepGallagher,Supporter,1,,Guthrie 298 Letter;02.01.18;Letter Sponsor
Rep. John Garamendi (D-CA-3),G000559,John,Garamendi,rep,3,CA,D,https://www.facebook.com/repgaramendi,@RepGaramendi,Supporter,1,,Guthrie 298 Letter;02.01.18;Letter Sponsor
Rep. Garret Graves (R-LA-6),G000577,Garret,Graves,rep,6,LA,R,https://www.facebook.com/CongressmanGarretGraves,@RepGarretGraves,Supporter,1,,Guthrie 298 Letter;02.01.18;Letter Sponsor
Rep. Gene Green (D-TX-29),G000410,Gene,Green,rep,29,TX,D,https://www.facebook.com/RepGeneGreen,@RepGeneGreen,,,,
Rep. Vicente Gonzalez (D-TX-15),G000581,Vicente,Gonzalez,rep,15,TX,D,http://www.facebook.com/USCongressmanVicenteGonzalez,@RepGonzalez,Supporter,1,,Guthrie 298 Letter;02.01.18;Letter Sponsor
Rep. Bob Goodlatte (R-VA-6),G000289,Bob,Goodlatte,rep,6,VA,R,https://www.facebook.com/BobGoodlatte,@RepGoodlatte,Supporter,1,,Guthrie 298 Letter;02.01.18;Letter Sponsor
Rep. Paul Gosar (R-AZ-4),G000565,Paul,Gosar,rep,4,AZ,R,https://www.facebook.com/repgosar,@RepGosar,Supporter,1,,Guthrie 298 Letter;02.01.18;Letter Sponsor
Rep. Grace Meng (D-NY-6),M001188,Grace,Meng,rep,6,NY,D,https://www.facebook.com/repgracemeng,@RepGraceMeng,,,,
Rep. Greg Walden (R-OR-2),W000791,Greg,Walden,rep,2,OR,R,https://www.facebook.com/repgregwalden?ref=profile,@RepGregWalden,Supporter,1,,Brady/Walden/Neal/Pallone-W&M/E&C;03.28.18;Letter Leader
Rep. Glenn Grothman (R-WI-6),G000576,Glenn,Grothman,rep,6,WI,R,https://www.facebook.com/RepGrothman,@RepGrothman,Supporter,1,,Guthrie 298 Letter;02.01.18;Letter Sponsor
Rep. Gus Bilirakis (R-FL-12),B001257,Gus,Bilirakis,rep,12,FL,R,https://www.facebook.com/GusBilirakis,@RepGusBilirakis,Supporter,2,,Guthrie 298 Letter;02.01.18;Letter Sponsor|W&M/E&C GOP Letter;03.15.18;Letter Sponsor
Rep. Brett Guthrie (R-KY-2),G000558,Brett,Guthrie,rep,2,KY,R,https://www.facebook.com/CongressmanGuthrie,@RepGuthrie,Champion,2,1,Guthrie 298 Letter;02.01.18;Letter Leader|W&M/E&C GOP Letter;03.15.18;Letter Sponsor|H.R. 908: Medicare Advantage Quality Payment Relief Act;2017-02-07;Original Cosponsor
Rep. Gwen Moore (D-WI-4),M001160,Gwen,Moore,rep,4,WI,D,https://www.facebook.com/GwenSMoore,@RepGwenMoore,,,,
Rep. Hal Rogers (R-KY-5),R000395,Hal,Rogers,rep,5,KY,R,,@RepHalRogers,Supporter,1,,Guthrie 298 Letter;02.01.18;Letter Sponsor
Rep. Hank Johnson (D-GA-4),J000288,Hank,Johnson,rep,4,GA,D,,@RepHankJohnson,,,,
Rep. Vicky Hartzler (R-MO-4),H001053,Vicky,Hartzler,rep,4,MO,R,https://www.facebook.com/Congresswoman.Hartzler,@RepHartzler,Supporter,1,,Guthrie 298 Letter;02.01.18;Letter Sponsor
Rep. Jeb Hensarling (R-TX-5),H001036,Jeb,Hensarling,rep,5,TX,R,https://www.facebook.com/RepHensarling,@RepHensarling,Supporter,1,,Guthrie 298 Letter;02.01.18;Letter Sponsor
Rep. George Holding (R-NC-2),H001065,George,Holding,rep,2,NC,R,https://www.facebook.com/CongressmanGeorgeHolding,@RepHolding,Supporter,2,,Guthrie 298 Letter;02.01.18;Letter Sponsor|W&M/E&C GOP Letter;03.15.18;Letter Sponsor
Rep. Jared Huffman (D-CA-2),H001068,Jared,Huffman,rep,2,CA,D,https://www.facebook.com/RepHuffman,@RepHuffman,,,,
Rep. Bill Huizenga (R-MI-2),H001058,Bill,Huizenga,rep,2,MI,R,https://www.facebook.com/rephuizenga,@RepHuizenga,Supporter,2,,Guthrie 298 Letter;02.01.18;Letter Sponsor|MI Del EGWP Letter;03.07.18;Letter Sponsor
Rep. Randy Hultgren (R-IL-14),H001059,Randy,Hultgren,rep,14,IL,R,https://www.facebook.com/RepHultgren,@RepHultgren,,,,
"Rep. John ""Jack"" Bergman (R-MI-1)",B001301,John,Bergman,rep,1,MI,R,,@RepJackBergman,Supporter,2,,Guthrie 298 Letter;02.01.18;Letter Sponsor|MI Del EGWP Letter;03.07.18;Letter Sponsor
Rep. Jason Lewis (R-MN-2),L000587,Jason,Lewis,rep,2,MN,R,https://www.facebook.com/RepJasonLewis/,@RepJasonLewis,Supporter,1,,Guthrie 298 Letter;02.01.18;Letter Sponsor
Rep. Jason Smith (R-MO-8),S001195,Jason,Smith,rep,8,MO,R,https://www.facebook.com/repjasonsmith,@RepJasonSmith,Supporter,2,,Guthrie 298 Letter;02.01.18;Letter Sponsor|W&M/E&C GOP Letter;03.15.18;Letter Sponsor
Rep. Pramila Jayapal (D-WA-7),J000298,Pramila,Jayapal,rep,7,WA,D,http://www.facebook.com/RepJayapal/,@RepJayapal,,,,
Rep. Jeff Denham (R-CA-10),D000612,Jeff,Denham,rep,10,CA,R,https://www.facebook.com/RepJeffDenham,@RepJeffDenham,Supporter,1,,Guthrie 298 Letter;02.01.18;Letter Sponsor
Rep. Jeff Duncan (R-SC-3),D000615,Jeff,Duncan,rep,3,SC,R,https://www.facebook.com/CongressmanDuncan,@RepJeffDuncan,Supporter,2,,Guthrie 298 Letter;02.01.18;Letter Sponsor|W&M/E&C GOP Letter;03.15.18;Letter Sponsor
Rep. Hakeem Jeffries (D-NY-8),J000294,Hakeem,Jeffries,rep,8,NY,D,https://www.facebook.com/RepHakeemJeffries,@RepJeffries,,,,
Commish. Jenniffer Gonzalez-Colon (R-PR-1),G000582,Jenniffer,González-Colón,rep,0,PR,R,https://www.facebook.com/JGOPR51/,@RepJennifer,,,,
Rep. Jerry Nadler (D-NY-10),N000002,Jerry,Nadler,rep,10,NY,D,,@RepJerryNadler,,,,
Rep. Jim Banks (R-IN-3),B001299,Jim,Banks,rep,3,IN,R,http://www.facebook.com/RepJimBanks/,@RepJimBanks,Supporter,1,,Guthrie 298 Letter;02.01.18;Letter Sponsor
Rep. Jim Cooper (D-TN-5),C000754,Jim,Cooper,rep,5,TN,D,https://www.facebook.com/JimCooper,@RepJimCooper,,,,
Rep. Jim Costa (D-CA-16),C001059,Jim,Costa,rep,16,CA,D,https://www.facebook.com/RepJimCosta,@RepJimCosta,Supporter,1,,Guthrie 298 Letter;02.01.18;Letter Sponsor
Rep. Jimmy Panetta (D-CA-20),P000613,Jimmy,Panetta,rep,20,CA,D,http://www.facebook.com/RepJimmyPanetta/,@RepJimmyPanetta,Supporter,1,,Guthrie 298 Letter;02.01.18;Letter Sponsor
Rep. Joe Barton (R-TX-6),B000213,Joe,Barton,rep,6,TX,R,https://www.facebook.com/RepJoeBarton,@RepJoeBarton,Supporter,2,,Guthrie 298 Letter;02.01.18;Letter Sponsor|W&M/E&C GOP Letter;03.15.18;Letter Sponsor
Rep. Joe Courtney (D-CT-2),C001069,Joe,Courtney,rep,2,CT,D,https://www.facebook.com/joecourtney,@RepJoeCourtney,,,,
"Rep. Joseph ""Joe"" Crowley (D-NY-14)",C001038,Joseph,Crowley,rep,14,NY,D,https://www.facebook.com/repjoecrowley,@RepJoeCrowley,Supporter,1,,Guthrie 298 Letter;02.01.18;Letter Sponsor
Rep. Joe Kennedy (D-MA-4),K000379,Joe,Kennedy,rep,4,MA,D,,@RepJoeKennedy,Supporter,,1,H.R. 3044:  To amend title XVIII of the Social Security Act to expand supplemental benefits to meet the needs of chronically ill Medicare Advantage enrollees under Medicare;2017-06-23;Original Cosponsor
Rep. Joe Wilson (R-SC-2),W000795,Joe,Wilson,rep,2,SC,R,https://www.facebook.com/JoeWilson,@RepJoeWilson,Supporter,1,,Guthrie 298 Letter;02.01.18;Letter Sponsor
Rep. John Delaney (D-MD-6),D000620,John,Delaney,rep,6,MD,D,https://www.facebook.com/congressmanjohndelaney,@RepJohnDelaney,Supporter,1,,Guthrie 298 Letter;02.01.18;Letter Sponsor
"Rep. John ""Jimmy"" Duncan (R-TN-2)",D000534,John,Duncan,rep,2,TN,R,https://www.facebook.com/RepJeffDuncan,@RepJohnDuncanJr,Supporter,1,,Guthrie 298 Letter;02.01.18;Letter Sponsor
Rep. John Faso (R-NY-19),F000464,John,Faso,rep,19,NY,R,https://www.facebook.com/RepJohnFaso,@RepJohnFaso,Supporter,1,,Guthrie 298 Letter;02.01.18;Letter Sponsor
Rep. John Katko (R-NY-24),K000386,John,Katko,rep,24,NY,R,https://www.facebook.com/RepJohnKatko,@RepJohnKatko,Supporter,1,,Guthrie 298 Letter;02.01.18;Letter Sponsor
Rep. John Larson (D-CT-1),L000557,John,Larson,rep,1,CT,D,https://www.facebook.com/RepJohnLarson,@RepJohnLarson,Supporter,1,,Guthrie 298 Letter;02.01.18;Letter Sponsor
Rep. John Lewis (D-GA-5),L000287,John,Lewis,rep,5,GA,D,https://www.facebook.com/RepJohnLewis,@RepJohnLewis,Supporter,1,,Guthrie 298 Letter;02.01.18;Letter Sponsor
Rep. John Yarmuth (D-KY-3),Y000062,John,Yarmuth,rep,3,KY,D,https://www.facebook.com/pages/Congressman-John-Yarmuth-KY-3/214258646163?ref=ts,@RepJohnYarmuth,Supporter,1,,Guthrie 298 Letter;02.01.18;Letter Sponsor
Rep. Jose Serrano (D-NY-15),S000248,Jose,Serrano,rep,15,NY,D,https://www.facebook.com/RepJoseSerrano,@RepJoseSerrano,Supporter,1,,Guthrie 298 Letter;02.01.18;Letter Sponsor
Rep. Josh Gottheimer (D-NJ-5),G000583,Josh,Gottheimer,rep,5,NJ,D,https://www.facebook.com/RepJoshG,@RepJoshG,Supporter,1,,Guthrie 298 Letter;02.01.18;Letter Sponsor
"Rep. Juan ""Paco"" Vargas (D-CA-51)",V000130,Juan,Vargas,rep,51,CA,D,https://www.facebook.com/RepJuanVargas,@RepJuanVargas,Supporter,1,,Guthrie 298 Letter;02.01.18;Letter Sponsor
Rep. Judy Chu (D-CA-27),C001080,Judy,Chu,rep,27,CA,D,https://www.facebook.com/RepJudyChu,@RepJudyChu,,,,
Rep. Karen Bass (D-CA-37),B001270,Karen,Bass,rep,37,CA,D,https://www.facebook.com/RepKarenBass,@RepKarenBass,,,,
Rep. Kathleen Rice (D-NY-4),R000602,Kathleen,Rice,rep,4,NY,D,https://www.facebook.com/RepKathleenRice,@RepKathleenRice,Supporter,1,,Guthrie 298 Letter;02.01.18;Letter Sponsor
Re. Kay Granger (R-TX-12),G000377,Kay,Granger,rep,12,TX,R,https://www.facebook.com/RepTreyGowdy,@RepKayGranger,,,,
Rep. Katherine Clark (D-MA-5),C001101,Katherine,Clark,rep,5,MA,D,https://www.facebook.com/CongresswomanClark,@RepKClark,,,,
"Rep. Kenneth ""Ken"" Buck (R-CO-4)",B001297,Kenneth,Buck,rep,4,CO,R,,@RepKenBuck,Supporter,1,,Guthrie 298 Letter;02.01.18;Letter Sponsor
"Rep. Kenny ""Ken"" Marchant (R-TX-24)",M001158,Kenny,Marchant,rep,24,TX,R,https://www.facebook.com/RepKennyMarchant,@RepKenMarchant,Supporter,2,,Guthrie 298 Letter;02.01.18;Letter Sponsor|W&M/E&C GOP Letter;03.15.18;Letter Sponsor
Rep. Kevin Brady (R-TX-8),B000755,Kevin,Brady,rep,8,TX,R,https://www.facebook.com/kevinbrady,@RepKevinBrady,Supporter,1,,Brady/Walden/Neal/Pallone-W&M/E&C;03.28.18;Letter Leader
Rep. Kevin Cramer (R-ND-1),C001096,Kevin,Cramer,rep,0,ND,R,https://www.facebook.com/CongressmanKevinCramer,@RepKevinCramer,Supporter,2,,Guthrie 298 Letter;02.01.18;Letter Sponsor|W&M/E&C GOP Letter;03.15.18;Letter Sponsor
Leader Kevin McCarthy (R-CA-23),M001165,Kevin,McCarthy,rep,23,CA,R,https://www.facebook.com/CongressmanKevinMcCarthy,@RepKevinMcCarthy,,,,
Rep. Kevin Yoder (R-KS-3),Y000063,Kevin,Yoder,rep,3,KS,R,https://www.facebook.com/CongressmanKevinYoder,@RepKevinYoder,Supporter,1,,Guthrie 298 Letter;02.01.18;Letter Sponsor
Rep. Ruben Kihuen (D-NV-4),K000390,Ruben,Kihuen,rep,4,NV,D,https://www.facebook.com/RepKihuen,@RepKihuen,,,,
Rep. Adam Kinzinger (R-IL-16),K000378,Adam,Kinzinger,rep,16,IL,R,https://www.facebook.com/RepKinzinger,@RepKinzinger,Supporter,1,,Guthrie 298 Letter;02.01.18;Letter Sponsor
Rep. Kristi Noem (R-SD-1),N000184,Kristi,Noem,rep,0,SD,R,https://www.facebook.com/kristiforcongress/?fref=ts,@RepKristiNoem,Supporter,2,,Guthrie 298 Letter;02.01.18;Letter Sponsor|W&M/E&C GOP Letter;03.15.18;Letter Sponsor
Rep. Darin LaHood (R-IL-18),L000585,Darin,LaHood,rep,18,IL,R,https://www.facebook.com/replahood/,@RepLaHood,Supporter,2,,Guthrie 298 Letter;02.01.18;Letter Sponsor|W&M/E&C GOP Letter;03.15.18;Letter Sponsor
Rep. Doug LaMalfa (R-CA-1),L000578,Doug,LaMalfa,rep,1,CA,R,https://www.facebook.com/RepLaMalfa,@RepLaMalfa,Supporter,1,,Guthrie 298 Letter;02.01.18;Letter Sponsor
Rep. Leonard Lance (R-NJ-7),L000567,Leonard,Lance,rep,7,NJ,R,https://www.facebook.com/CongressmanLance?v=wall&ref=ts,@RepLanceNJ7,Champion,1,1,Guthrie 298 Letter;02.01.18;Letter Sponsor|H.R. 3044:  To amend title XVIII of the Social Security Act to expand supplemental benefits to meet the needs of chronically ill Medicare Advantage enrollees under Medicare;2017-06-23;Original Cosponsor
Rep. Larry Bucshon (R-IN-8),B001275,Larry,Bucshon,rep,8,IN,R,https://www.facebook.com/RepLarryBucshon,@RepLarryBucshon,Supporter,2,,Guthrie 298 Letter;02.01.18;Letter Sponsor|W&M/E&C GOP Letter;03.15.18;Letter Sponsor
Rep. Brenda Lawrence (D-MI-14),L000581,Brenda,Lawrence,rep,14,MI,D,https://www.facebook.com/pages/Rep-Brenda-Lawrence/395759603917487,@RepLawrence,,1,,MI Del EGWP Letter;03.07.18;Letter Sponsor
Rep. Lee Zeldin (R-NY-1),Z000017,Lee,Zeldin,rep,1,NY,R,https://www.facebook.com/RepLeeZeldin,@RepLeeZeldin,Supporter,1,,Guthrie 298 Letter;02.01.18;Letter Sponsor
Rep. Linda Sanchez (D-CA-38),S001156,Linda,Sánchez,rep,38,CA,D,https://www.facebook.com/CongresswomanLindaSanchez,@RepLindaSanchez,Supporter,1,,Guthrie 298 Letter;02.01.18;Letter Sponsor
"Rep. Daniel ""Dan"" Lipinski (D-IL-3)",L000563,Daniel,Lipinski,rep,3,IL,D,https://www.facebook.com/repdanlipinski,@RepLipinski,,,,
Rep. Liz Cheney (R-WY-1),C001109,Liz,Cheney,rep,0,WY,R,http://www.facebook.com/replizcheney/,@RepLizCheney,Supporter,1,,Guthrie 298 Letter;02.01.18;Letter Sponsor
Rep. Lloyd Doggett (D-TX-35),D000399,Lloyd,Doggett,rep,35,TX,D,https://www.facebook.com/lloyddoggett,@RepLloydDoggett,,,,
Rep. Frank LoBiondo (R-NJ-2),L000554,Frank,LoBiondo,rep,2,NJ,R,https://www.facebook.com/FrankLoBiondo,@RepLoBiondo,Supporter,1,,Guthrie 298 Letter;02.01.18;Letter Sponsor
Rep. Lois Frankel (D-FL-21),F000462,Lois,Frankel,rep,21,FL,D,https://www.facebook.com/RepLoisFrankel,@RepLoisFrankel,Supporter,1,,Guthrie 298 Letter;02.01.18;Letter Sponsor
Rep. Lou Barletta (R-PA-11),B001269,Lou,Barletta,rep,11,PA,R,https://www.facebook.com/CongressmanLouBarletta,@RepLouBarletta,Supporter,2,,Guthrie 298 Letter;02.01.18;Letter Sponsor|PA Del EGWP Letter;03.19.18;Letter Sponsor
Rep. Barry Loudermilk (R-GA-11),L000583,Barry,Loudermilk,rep,11,GA,R,https://www.facebook.com/RepLoudermilk,@RepLoudermilk,,,,
Rep. Louie Gohmert (R-TX-1),G000552,Louie,Gohmert,rep,1,TX,R,https://www.facebook.com/pages/Louie-Gohmert/50375006903,@RepLouieGohmert,,,,
Rep. Alan Lowenthal (D-CA-47),L000579,Alan,Lowenthal,rep,47,CA,D,https://www.facebook.com/RepLowenthal,@RepLowenthal,Supporter,1,,Guthrie 298 Letter;02.01.18;Letter Sponsor
Rep. Michelle Lujan Grisham (D-NM-1),L000580,Michelle,Lujan Grisham,rep,1,NM,D,,@RepLujanGrisham,,,,
Rep. Luke Messer (R-IN-6),M001189,Luke,Messer,rep,6,IN,R,https://www.facebook.com/RepLukeMesser,@RepLukeMesser,Supporter,1,,Guthrie 298 Letter;02.01.18;Letter Sponsor
Rep. Lynn Jenkins (R-KS-2),J000290,Lynn,Jenkins,rep,2,KS,R,https://www.facebook.com/replynnjenkins,@RepLynnJenkins,Supporter,2,,Guthrie 298 Letter;02.01.18;Letter Sponsor|W&M/E&C GOP Letter;03.15.18;Letter Sponsor
Rep. Carolyn Maloney (D-NY-12),M000087,Carolyn,Maloney,rep,12,NY,D,,@RepMaloney,,,,
Rep. Marcia Fudge (D-OH-11),F000455,Marcia,Fudge,rep,11,OH,D,https://www.facebook.com/RepMarciaLFudge,@RepMarciaFudge,Supporter,1,,Guthrie 298 Letter;02.01.18;Letter Sponsor
Rep. Marcy Kaptur (D-OH-9),K000009,Marcy,Kaptur,rep,9,OH,D,https://www.facebook.com/RepresentativeMarcyKaptur,@RepMarcyKaptur,Supporter,1,,Guthrie 298 Letter;02.01.18;Letter Sponsor
Rep. Mark Meadows (R-NC-11),M001187,Mark,Meadows,rep,11,NC,R,https://www.facebook.com/Repmarkmeadows,@RepMarkMeadows,,,,
Rep. Mark Pocan (D-WI-2),P000607,Mark,Pocan,rep,2,WI,D,https://www.facebook.com/repmarkpocan,@RepMarkPocan,Supporter,1,,Guthrie 298 Letter;02.01.18;Letter Sponsor
Rep. Mark Takano (D-CA-41),T000472,Mark,Takano,rep,41,CA,D,https://www.facebook.com/RepMarkTakano,@RepMarkTakano,,,,
Rep. Mark Walker (R-NC-6),W000819,Mark,Walker,rep,6,NC,R,https://www.facebook.com/Walker4NC,@RepMarkWalker,,,,
Rep. Roger Marshall (R-KS-1),M001198,Roger,Marshall,rep,1,KS,R,http://www.facebook.com/rogermarshallmd,@RepMarshall,,,,
Rep. Martha Roby (R-AL-2),R000591,Martha,Roby,rep,2,AL,R,https://www.facebook.com/Representative.Martha.Roby,@RepMarthaRoby,Supporter,1,,Guthrie 298 Letter;02.01.18;Letter Sponsor
Rep. Michael McCaul (R-TX-10),M001157,Michael,McCaul,rep,10,TX,R,https://www.facebook.com/michaeltmccaul,@RepMcCaul,Supporter,1,,Guthrie 298 Letter;02.01.18;Letter Sponsor
Rep. Tom McClintock (R-CA-4),M001177,Tom,McClintock,rep,4,CA,R,https://www.facebook.com/pages/Congressman-Tom-McClintock/81125319109,@RepMcClintock,,,,
"Rep. A. Donald ""Donald"" McEachin (D-VA-4)",M001200,A. Donald,McEachin,rep,4,VA,D,http://www.facebook.com/RepMcEachin,@RepMcEachin,Supporter,1,,Guthrie 298 Letter;02.01.18;Letter Sponsor
Rep. Jim McGovern (D-MA-2),M000312,Jim,McGovern,rep,2,MA,D,,@RepMcGovern,,,,
Rep. David McKinley (R-WV-1),M001180,David,McKinley,rep,1,WV,R,https://www.facebook.com/RepMcKinley,@RepMcKinley,Supporter,2,,Guthrie 298 Letter;02.01.18;Letter Sponsor|WV Del EGWP Letter;03.12.18;Letter Sponsor
Rep. Jerry McNerney (D-CA-9),M001166,Jerry,McNerney,rep,9,CA,D,https://www.facebook.com/jerrymcnerney,@RepMcNerney,,,,
Rep. Martha McSally (R-AZ-2),M001197,Martha,McSally,rep,2,AZ,R,https://www.facebook.com/RepMcSally?fref=ts,@RepMcSally,Supporter,1,,Guthrie 298 Letter;02.01.18;Letter Sponsor
Rep. Morgan Griffith (R-VA-9),G000568,Morgan,Griffith,rep,9,VA,R,,@RepMGriffith,Supporter,1,,Guthrie 298 Letter;02.01.18;Letter Sponsor
Rep. Mia Love (R-UT-4),L000584,Mia,Love,rep,4,UT,R,https://www.facebook.com/repmialove,@repmialove,Supporter,1,,Guthrie 298 Letter;02.01.18;Letter Sponsor
"Rep. Michael ""Mike"" Bishop (R-MI-8)",B001293,Michael,Bishop,rep,8,MI,R,,@RepMikeBishop,Champion,3,,Guthrie 298 Letter;02.01.18;Letter Sponsor|W&M/E&C GOP Letter;03.15.18;Letter Sponsor|MI Del EGWP Letter;03.07.18;Letter Leader
"Rep. Michael ""Mike"" Capuano (D-MA-7)",C001037,Michael,Capuano,rep,7,MA,D,,@RepMikeCapuano,,,,
Rep. Mike Coffman (R-CO-6),C001077,Mike,Coffman,rep,6,CO,R,https://www.facebook.com/repmikecoffman,@RepMikeCoffman,Supporter,1,,Guthrie 298 Letter;02.01.18;Letter Sponsor
Rep. Mike Johnson (R-LA-4),J000299,Mike,Johnson,rep,4,LA,R,http://www.facebook.com/RepMikeJohnson/,@RepMikeJohnson,Supporter,1,,Guthrie 298 Letter;02.01.18;Letter Sponsor
Rep. Mike Quigley (D-IL-5),Q000023,Mike,Quigley,rep,5,IL,D,https://www.facebook.com/repmikequigley,@RepMikeQuigley,,,,
Rep. Mike Rogers (R-AL-3),R000575,Mike,Rogers,rep,3,AL,R,https://www.facebook.com/CongressmanMikeDRogers,@RepMikeRogersAL,,,,
"Rep. Michael ""Mike"" Turner (R-OH-10)",T000463,Michael,Turner,rep,10,OH,R,https://www.facebook.com/RepMikeTurner?sid=b8c1027c76287aac4c2612af6af9a77c&ref=s,@RepMikeTurner,Supporter,1,,Guthrie 298 Letter;02.01.18;Letter Sponsor
Rep. Mimi Walters (R-CA-45),W000820,Mimi,Walters,rep,45,CA,R,https://www.facebook.com/RepMimiWalters,@RepMimiWalters,Supporter,2,,Guthrie 298 Letter;02.01.18;Letter Sponsor|W&M/E&C GOP Letter;03.15.18;Letter Sponsor
Rep. Mo Brooks (R-AL-5),B001274,Mo,Brooks,rep,5,AL,R,https://www.facebook.com/RepMoBrooks,@RepMoBrooks,,,,
Rep. John Moolenaar (R-MI-4),M001194,John,Moolenaar,rep,4,MI,R,https://www.facebook.com/RepMoolenaar,@RepMoolenaar,Supporter,2,,Guthrie 298 Letter;02.01.18;Letter Sponsor|MI Del EGWP Letter;03.07.18;Letter Sponsor
Rep. Markwayne Mullin (R-OK-2),M001190,Markwayne,Mullin,rep,2,OK,R,https://www.facebook.com/RepMullin,@RepMullin,Supporter,2,,Guthrie 298 Letter;02.01.18;Letter Sponsor|W&M/E&C GOP Letter;03.15.18;Letter Sponsor
Rep. Dan Newhouse (R-WA-4),N000189,Dan,Newhouse,rep,4,WA,R,https://www.facebook.com/RepNewhouse,@RepNewhouse,Supporter,1,,Guthrie 298 Letter;02.01.18;Letter Sponsor
Rep. Tom O'Halleran (D-AZ-1),O000171,Tom,O'Halleran,rep,1,AZ,D,http://www.facebook.com/repohalleran,@repohalleran,Supporter,1,,Guthrie 298 Letter;02.01.18;Letter Sponsor
Rep. Paul Cook (R-CA-8),C001094,Paul,Cook,rep,8,CA,R,https://www.facebook.com/RepPaulCook,@RepPaulCook,,,,
Rep. Paul Mitchell (R-MI-10),M001201,Paul,Mitchell,rep,10,MI,R,http://www.facebook.com/reppaulmitchell/,@RepPaulMitchell,Supporter,2,,Guthrie 298 Letter;02.01.18;Letter Sponsor|MI Del EGWP Letter;03.07.18;Letter Sponsor
Rep. Paul Tonko (D-NY-20),T000469,Paul,Tonko,rep,20,NY,D,https://www.facebook.com/reppaultonko,@RepPaulTonko,Supporter,1,,Guthrie 298 Letter;02.01.18;Letter Sponsor
Rep. Ed Perlmutter (D-CO-7),P000593,Ed,Perlmutter,rep,7,CO,D,https://www.facebook.com/RepPerlmutter,@RepPerlmutter,Supporter,1,,Guthrie 298 Letter;02.01.18;Letter Sponsor
"Rep. Peter ""Pete"" Aguilar (D-CA-31)",A000371,Peter,Aguilar,rep,31,CA,D,,@reppeteaguilar,Supporter,1,,Guthrie 298 Letter;02.01.18;Letter Sponsor
Rep. Pete King (R-NY-2),K000210,Pete,King,rep,2,NY,R,,@RepPeteKing,Supporter,1,,Guthrie 298 Letter;02.01.18;Letter Sponsor
Rep. Pete Olson (R-TX-22),O000168,Pete,Olson,rep,22,TX,R,https://www.facebook.com/Rep.PeteOlson,@RepPeteOlson,Supporter,1,,Guthrie 298 Letter;02.01.18;Letter Sponsor
Rep. Pete DeFazio (D-OR-4),D000191,Pete,DeFazio,rep,4,OR,D,,@RepPeterDeFazio,Supporter,1,,Guthrie 298 Letter;02.01.18;Letter Sponsor
Rep. Robert Pittenger (R-NC-9),P000606,Robert,Pittenger,rep,9,NC,R,https://www.facebook.com/congressmanpittenger,@RepPittenger,,,,
Rep. Bruce Poliquin (R-ME-2),P000611,Bruce,Poliquin,rep,2,ME,R,https://www.facebook.com/RepPoliquin,@RepPoliquin,Supporter,1,,Guthrie 298 Letter;02.01.18;Letter Sponsor
Rep. Jamie Raskin (D-MD-8),R000606,Jamie,Raskin,rep,8,MD,D,http://www.facebook.com/repraskin,@repraskin,,,,
Rep. John Ratcliffe (R-TX-4),R000601,John,Ratcliffe,rep,4,TX,R,https://www.facebook.com/RepRatcliffe,@RepRatcliffe,Supporter,1,,Guthrie 298 Letter;02.01.18;Letter Sponsor
Rep. Raul Grijalva (D-AZ-3),G000551,Raul,Grijalva,rep,3,AZ,D,https://www.facebook.com/Rep.Grijalva,@RepraulGrijalva,,,,
"Rep. Richard ""Richie"" Neal (D-MA-1)",N000015,Richard,Neal,rep,1,MA,D,https://www.facebook.com/pages/Congressman-Richard-Neal/325642654132598,@RepRichardNeal,Supporter,1,,Brady/Walden/Neal/Pallone-W&M/E&C;03.28.18;Letter Leader
Rep. Richard Hudson (R-NC-8),H001067,Richard,Hudson,rep,8,NC,R,https://www.facebook.com/RepRichHudson,@RepRichHudson,Supporter,2,,Guthrie 298 Letter;02.01.18;Letter Sponsor|W&M/E&C GOP Letter;03.15.18;Letter Sponsor
Rep. Cedric Richmond (D-LA-2),R000588,Cedric,Richmond,rep,2,LA,D,https://www.facebook.com/RepRichmond,@RepRichmond,Supporter,1,,Guthrie 298 Letter;02.01.18;Letter Sponsor
Rep. Rick Allen (R-GA-12),A000372,Rick,Allen,rep,12,GA,R,https://www.facebook.com/CongressmanRickAllen,@reprickallen,Supporter,1,,Guthrie 298 Letter;02.01.18;Letter Sponsor
Rep. Rick Crawford (R-AR-1),C001087,Rick,Crawford,rep,1,AR,R,https://www.facebook.com/RepRickCrawford,@RepRickCrawford,Supporter,1,,Guthrie 298 Letter;02.01.18;Letter Sponsor
Rep. Rick Larsen (D-WA-2),L000560,Rick,Larsen,rep,2,WA,D,https://www.facebook.com/RepRickLarsen,@RepRickLarsen,Supporter,1,,Guthrie 298 Letter;02.01.18;Letter Sponsor
Rep. Rob Bishop (R-UT-1),B001250,Rob,Bishop,rep,1,UT,R,https://www.facebook.com/RepRobBishop,@RepRobBishop,Supporter,1,,Guthrie 298 Letter;02.01.18;Letter Sponsor
Rep. Robin Kelly (D-IL-2),K000385,Robin,Kelly,rep,2,IL,D,https://www.facebook.com/reprobinkelly,@RepRobinKelly,,,,
Rep. Rob Woodall (R-GA-7),W000810,Rob,Woodall,rep,7,GA,R,https://www.facebook.com/RepRobWoodall,@RepRobWoodall,Supporter,1,,Guthrie 298 Letter;02.01.18;Letter Sponsor
"Rep. Rodney ""Rod"" Blum (R-IA-1)",B001294,Rodney,Blum,rep,1,IA,R,,@RepRodBlum,Supporter,1,1,Guthrie 298 Letter;02.01.18;Letter Sponsor|H.R. 1995:  V-BID for Better Care Act of 2017;2017-04-06;Original Cosponsor
Rep. Ro Khanna (D-CA-17),K000389,Ro,Khanna,rep,17,CA,D,http://www.facebook.com/RepRoKhanna/,@RepRoKhanna,,,,
Rep. Ron Estes (R-KS-4),E000298,Ron,Estes,rep,4,KS,R,https://www.facebook.com/RepRonEstes/,@RepRonEstes,Supporter,1,,Guthrie 298 Letter;02.01.18;Letter Sponsor
Rep. Ron Kind (D-WI-3),K000188,Ron,Kind,rep,3,WI,D,https://www.facebook.com/repronkind,@RepRonKind,Champion,1,1,Guthrie 298 Letter;02.01.18;Letter Sponsor|H.R. 908: Medicare Advantage Quality Payment Relief Act;2017-02-07;Original Cosponsor
Rep. Francis Rooney (R-FL-19),R000607,Francis,Rooney,rep,19,FL,R,https://www.facebook.com/RepRooney/,@RepRooney,Supporter,1,,Guthrie 298 Letter;02.01.18;Letter Sponsor
Rep. Lucille Roybal-Allard (D-CA-40),R000486,Lucille,Roybal-Allard,rep,40,CA,D,https://www.facebook.com/RepRoybalAllard,@RepRoybalAllard,Supporter,1,,Guthrie 298 Letter;02.01.18;Letter Sponsor
Rep. Ruben Gallego (D-AZ-7),G000574,Ruben,Gallego,rep,7,AZ,D,https://www.facebook.com/RepRubenGallego,@RepRubenGallego,Supporter,1,,Guthrie 298 Letter;02.01.18;Letter Sponsor
Rep. Steve Russell (R-OK-5),R000604,Steve,Russell,rep,5,OK,R,https://www.facebook.com/reprussell,@RepRussell,Supporter,1,,Guthrie 298 Letter;02.01.18;Letter Sponsor
Rep. John Rutherford (R-FL-4),R000609,John,Rutherford,rep,4,FL,R,http://www.facebook.com/RepRutherfordFL/?notif_t=page_fan&notif_id=1486511112160836,@RepRutherfordFL,Supporter,1,,Guthrie 298 Letter;02.01.18;Letter Sponsor
Rep. Roger Williams (R-TX-25),W000816,Roger,Williams,rep,25,TX,R,https://www.facebook.com/RepRogerWilliams,@RepRWilliams,,,,
Rep. Ryan Costello (R-PA-6),C001106,Ryan,Costello,rep,6,PA,R,https://www.facebook.com/CongressmanRyanCostello,@RepRyanCostello,Supporter,3,,Guthrie 298 Letter;02.01.18;Letter Sponsor|W&M/E&C GOP Letter;03.15.18;Letter Sponsor|PA Del EGWP Letter;03.19.18;Letter Sponsor
Rep. Sam Graves (R-MO-6),G000546,Sam,Graves,rep,6,MO,R,https://www.facebook.com/pages/Sam-Graves/118514606128,@RepSamGraves,Supporter,1,,Guthrie 298 Letter;02.01.18;Letter Sponsor
Rep. Sandy Levin (D-MI-9),L000263,Sandy,Levin,rep,9,MI,D,,@RepSandyLevin,Supporter,1,1,MI Del EGWP Letter;03.07.18;Letter Sponsor|H.R. 3168: SNP Reauthorization Act of 2017;2017-07-06;Original Cosponsor
Rep. Mark Sanford (R-SC-1),S000051,Mark,Sanford,rep,1,SC,R,https://www.facebook.com/RepSanfordSC,@RepSanfordSC,,,,
Rep. John Sarbanes (D-MD-3),S001168,John,Sarbanes,rep,3,MD,D,https://www.facebook.com/RepSarbanes,@RepSarbanes,,,,
"Rep. Bradley ""Brad"" Schneider (D-IL-10)",S001190,Bradley,Schneider,rep,10,IL,D,http://www.facebook.com/CongressmanBradSchneider/,@repschneider,Supporter,1,,Guthrie 298 Letter;02.01.18;Letter Sponsor
Rep. Kurt Schrader (D-OR-5),S001180,Kurt,Schrader,rep,5,OR,D,https://www.facebook.com/repschrader?ref=ts,@RepSchrader,Supporter,1,,Guthrie 298 Letter;02.01.18;Letter Sponsor
Rep. Scott Perry (R-PA-4),P000605,Scott,Perry,rep,4,PA,R,https://www.facebook.com/repscottperry,@RepScottPerry,Supporter,2,,Guthrie 298 Letter;02.01.18;Letter Sponsor|PA Del EGWP Letter;03.19.18;Letter Sponsor
Rep. Scott Peters (D-CA-52),P000608,Scott,Peters,rep,52,CA,D,https://www.facebook.com/scottpeterssandiego,@RepScottPeters,Supporter,1,,Guthrie 298 Letter;02.01.18;Letter Sponsor
Rep. Sean Duffy (R-WI-7),D000614,Sean,Duffy,rep,7,WI,R,https://www.facebook.com/RepSeanDuffy,@RepSeanDuffy,Supporter,1,,Guthrie 298 Letter;02.01.18;Letter Sponsor
Rep. Sean Maloney (D-NY-18),M001185,Sean,Maloney,rep,18,NY,D,https://www.facebook.com/repseanmaloney,@RepSeanMaloney,Supporter,1,,Guthrie 298 Letter;02.01.18;Letter Sponsor
Rep. Carol Shea-Porter (D-NH-1),S001170,Carol,Shea-Porter,rep,1,NH,D,http://www.facebook.com/repsheaporter,@repsheaporter,,,,
Rep. John Shimkus (R-IL-15),S000364,John,Shimkus,rep,15,IL,R,https://www.facebook.com/repshimkus,@RepShimkus,Supporter,2,,Guthrie 298 Letter;02.01.18;Letter Sponsor|W&M/E&C GOP Letter;03.15.18;Letter Sponsor
Rep. Kyrsten Sinema (D-AZ-9),S001191,Kyrsten,Sinema,rep,9,AZ,D,https://www.facebook.com/CongresswomanSinema,@RepSinema,Supporter,1,,Guthrie 298 Letter;02.01.18;Letter Sponsor
Rep. Jackie Speier (D-CA-14),S001175,Jackie,Speier,rep,14,CA,D,https://www.facebook.com/JackieSpeier,@RepSpeier,,,,
Rep. Elise Stefanik (R-NY-21),S001196,Elise,Stefanik,rep,21,NY,R,https://www.facebook.com/RepEliseStefanik,@RepStefanik,Supporter,1,,Guthrie 298 Letter;02.01.18;Letter Sponsor
"Rep. Stephen ""Steve"" Lynch (D-MA-8)",L000562,Stephen,Lynch,rep,8,MA,D,https://www.facebook.com/repstephenlynch,@RepStephenLynch,,,,
Rep. Stephanie Murphy (D-FL-7),M001202,Stephanie,Murphy,rep,7,FL,D,https://www.facebook.com/RepStephMurphy/,@RepStephMurphy,Supporter,1,,Guthrie 298 Letter;02.01.18;Letter Sponsor
Rep. Steve Chabot (R-OH-1),C000266,Steve,Chabot,rep,1,OH,R,https://www.facebook.com/RepSteveChabot,@repstevechabot,Supporter,1,,Guthrie 298 Letter;02.01.18;Letter Sponsor
Rep. Steve Pearce (R-NM-2),P000588,Steve,Pearce,rep,2,NM,R,,@RepStevePearce,,,,
Rep. Steve Stivers (R-OH-15),S001187,Steve,Stivers,rep,15,OH,R,https://www.facebook.com/RepSteveStivers,@RepSteveStivers,Supporter,1,,Guthrie 298 Letter;02.01.18;Letter Sponsor
Rep. Susan Davis (D-CA-53),D000598,Susan,Davis,rep,53,CA,D,https://www.facebook.com/RepSusanDavis,@RepSusanDavis,Supporter,1,,Guthrie 298 Letter;02.01.18;Letter Sponsor
Rep. Eric Swalwell (D-CA-15),S001193,Eric,Swalwell,rep,15,CA,D,https://www.facebook.com/CongressmanEricSwalwell,@RepSwalwell,Supporter,1,,Guthrie 298 Letter;02.01.18;Letter Sponsor
Rep. Ted Deutch (D-FL-22),D000610,Ted,Deutch,rep,22,FL,D,https://www.facebook.com/CongressmanTedDeutch,@RepTedDeutch,Supporter,1,,Guthrie 298 Letter;02.01.18;Letter Sponsor
Rep. Ted Lieu (D-CA-33),L000582,Ted,Lieu,rep,33,CA,D,https://www.facebook.com/RepTedLieu,@RepTedLieu,Supporter,1,,Guthrie 298 Letter;02.01.18;Letter Sponsor
"Rep. Theodore ""Ted"" Yoho (R-FL-3)",Y000065,Theodore,Yoho,rep,3,FL,R,,@RepTedYoho,Supporter,1,,Guthrie 298 Letter;02.01.18;Letter Sponsor
Rep. Claudia Tenney (R-NY-22),T000478,Claudia,Tenney,rep,22,NY,R,http://www.facebook.com/RepClaudiaTenney/,@RepTenney,Supporter,1,,Guthrie 298 Letter;02.01.18;Letter Sponsor
Rep. Terri Sewell (D-AL-7),S001185,Terri,Sewell,rep,7,AL,D,https://www.facebook.com/RepSewell,@RepTerriSewell,Champion,1,1,Guthrie 298 Letter;02.01.18;Letter Sponsor|H.R. 3044:  To amend title XVIII of the Social Security Act to expand supplemental benefits to meet the needs of chronically ill Medicare Advantage enrollees under Medicare;2017-06-23;Original Cosponsor
Rep. Thomas Massie (R-KY-4),M001184,Thomas,Massie,rep,4,KY,R,https://www.facebook.com/RepThomasMassie,@RepThomasMassie,,,,
Rep. Mike Thompson (D-CA-5),T000460,Mike,Thompson,rep,5,CA,D,https://www.facebook.com/RepMikeThompson,@RepThompson,Champion,1,1,Guthrie 298 Letter;02.01.18;Letter Sponsor|H.R. 3727: Increasing Telehealth Access in Medicare (ITAM) Act;2017-09-11;Original Cosponsor
Rep. Tim Ryan (D-OH-13),R000577,Tim,Ryan,rep,13,OH,D,https://www.facebook.com/timryan,@RepTimRyan,Supporter,1,,Guthrie 298 Letter;02.01.18;Letter Sponsor
Rep. Tim Walz (D-MN-1),W000799,Tim,Walz,rep,1,MN,D,https://www.facebook.com/TimWalz4Congress?fref=ts,@RepTimWalz,Supporter,1,,Guthrie 298 Letter;02.01.18;Letter Sponsor
Rep. Scott Tipton (R-CO-3),T000470,Scott,Tipton,rep,3,CO,R,https://www.facebook.com/CongressmanScottTipton,@RepTipton,Supporter,1,,Guthrie 298 Letter;02.01.18;Letter Sponsor
"Rep. Thomas ""Tom"" Emmer (R-MN-6)",E000294,Thomas,Emmer,rep,6,MN,R,,@RepTomEmmer,Supporter,1,,Guthrie 298 Letter;02.01.18;Letter Sponsor
Rep. Tom Graves (R-GA-14),G000560,Tom,Graves,rep,14,GA,R,https://www.facebook.com/reptomgraves,@RepTomGraves,,,,
"Rep. Thomas ""Tom"" MacArthur (R-NJ-3)",M001193,Thomas,MacArthur,rep,3,NJ,R,,@RepTomMacArthur,Supporter,1,,Guthrie 298 Letter;02.01.18;Letter Sponsor
Rep. Tom Marino (R-PA-10),M001179,Tom,Marino,rep,10,PA,R,https://www.facebook.com/CongressmanMarino,@RepTomMarino,Supporter,2,,Guthrie 298 Letter;02.01.18;Letter Sponsor|PA Del EGWP Letter;03.19.18;Letter Sponsor
Rep. Tom Reed (R-NY-23),R000585,Tom,Reed,rep,23,NY,R,https://www.facebook.com/RepTomReed,@RepTomReed,Supporter,2,,Guthrie 298 Letter;02.01.18;Letter Sponsor|W&M/E&C GOP Letter;03.15.18;Letter Sponsor
Rep. Tom Rice (R-SC-7),R000597,Tom,Rice,rep,7,SC,R,https://www.facebook.com/reptomrice,@RepTomRice,Supporter,2,,Guthrie 298 Letter;02.01.18;Letter Sponsor|W&M/E&C GOP Letter;03.15.18;Letter Sponsor
"Rep. Thomas ""Tom"" Suozzi (D-NY-3)",S001201,Thomas,Suozzi,rep,3,NY,D,http://www.facebook.com/RepTomSuozzi,@RepTomSuozzi,,,,
Rep. Trent Kelly (R-MS-1),K000388,Trent,Kelly,rep,1,MS,R,,@RepTrentKelly,,,,
Rep. Trey Hollingsworth (R-IN-9),H001074,Trey,Hollingsworth,rep,9,IN,R,https://www.facebook.com/reptrey/,@reptrey,Supporter,1,,Guthrie 298 Letter;02.01.18;Letter Sponsor
"Rep. Valdez ""Val"" Demings (D-FL-10)",D000627,Valdez,Demings,rep,10,FL,D,,@RepValDemings,Supporter,1,,Guthrie 298 Letter;02.01.18;Letter Sponsor
Rep. Marc Veasey (D-TX-33),V000131,Marc,Veasey,rep,33,TX,D,https://www.facebook.com/CongressmanMarcVeasey,@RepVeasey,Supporter,1,,Guthrie 298 Letter;02.01.18;Letter Sponsor
Rep. Pete Visclosky (D-IN-1),V000108,Pete,Visclosky,rep,1,IN,D,,@RepVisclosky,,,,
Rep. Tim Walberg (R-MI-7),W000798,Tim,Walberg,rep,7,MI,R,https://www.facebook.com/RepWalberg,@RepWalberg,Supporter,3,,Roskam-Johnson ANTI-POS Rebate Letter;01.26.18;Letter Sponsor|Guthrie 298 Letter;02.01.18;Letter Sponsor|MI Del EGWP Letter;03.07.18;Letter Sponsor
Rep. Jackie Walorski (R-IN-2),W000813,Jackie,Walorski,rep,2,IN,R,https://www.facebook.com/RepJackieWalorski,@RepWalorski,Supporter,2,,Guthrie 298 Letter;02.01.18;Letter Sponsor|W&M/E&C GOP Letter;03.15.18;Letter Sponsor
Rep. Walter Jones (R-NC-3),J000255,Walter,Jones,rep,3,NC,R,https://www.facebook.com/pages/Walter-Jones/15083070102,@RepWalterJones,,,,
"Rep. Daniel ""Dan"" Webster (R-FL-11)",W000806,Daniel,Webster,rep,11,FL,R,https://www.facebook.com/RepWebster,@RepWebster,Supporter,1,,Guthrie 298 Letter;02.01.18;Letter Sponsor
Rep. Bruce Westerman (R-AR-4),W000821,Bruce,Westerman,rep,4,AR,R,https://www.facebook.com/RepWesterman,@RepWesterman,Supporter,1,,Guthrie 298 Letter;02.01.18;Letter Sponsor
"Rep. Frederica ""Freddi"" Wilson (D-FL-24)",W000808,Frederica,Wilson,rep,24,FL,D,https://www.facebook.com/RepWilson,@RepWilson,Supporter,1,,Guthrie 298 Letter;02.01.18;Letter Sponsor
Rep. Zoe Lofgren (D-CA-19),L000397,Zoe,Lofgren,rep,19,CA,D,https://www.facebook.com/zoelofgren,@RepZoeLofgren,Supporter,1,,Guthrie 298 Letter;02.01.18;Letter Sponsor
"Rep. Robert ""Bob"" Aderholt (R-AL-4)",A000055,Robert,Aderholt,rep,4,AL,R,https://www.facebook.com/RobertAderholt,@Robert_Aderholt,Supporter,1,,Guthrie 298 Letter;02.01.18;Letter Sponsor
Rep. Rodney Davis (R-IL-13),D000619,Rodney,Davis,rep,13,IL,R,https://www.facebook.com/RepRodneyDavis,@RodneyDavis,Supporter,1,,Guthrie 298 Letter;02.01.18;Letter Sponsor
Sen. Ron Wyden (D-OR),W000779,Ron,Wyden,sen,,OR,D,https://www.facebook.com/wyden/,@RonWyden,,,,
Rep. Rosa DeLauro (D-CT-3),D000216,Rosa,DeLauro,rep,3,CT,D,https://www.facebook.com/CongresswomanRosaDeLauro,@RosaDeLauro,,,,
Rep. Ileana Ros-Lehtinen (R-FL-27),R000435,Ileana,Ros-Lehtinen,rep,27,FL,R,https://www.facebook.com/iroslehtinen,@RosLehtinen,Supporter,1,,Guthrie 298 Letter;02.01.18;Letter Sponsor
Sen. Roy Blunt (R-MO),B000575,Roy,Blunt,sen,,MO,R,https://www.facebook.com/SenatorBlunt/,@RoyBlunt,Supporter,1,,Crapo-Nelson 65 Letter;01.30.18;Letter Sponsor
Rep. Sam Johnson (R-TX-3),J000174,Sam,Johnson,rep,3,TX,R,https://www.facebook.com/RepSamJohnson,@SamsPressShop,Supporter,3,,Roskam-Johnson ANTI-POS Rebate Letter;01.26.18;Letter Sponsor|Guthrie 298 Letter;02.01.18;Letter Sponsor|W&M/E&C GOP Letter;03.15.18;Letter Sponsor
Rep. Sanford Bishop (D-GA-2),B000490,Sanford,Bishop,rep,2,GA,D,https://www.facebook.com/sanfordbishop,@SanfordBishop,,,,
Sen. Dan Sullivan (R-AK),S001198,Dan,Sullivan,sen,,AK,R,https://www.facebook.com/SenDanSullivan,@sen_dansullivan,Supporter,1,,Crapo-Nelson 65 Letter;01.30.18;Letter Sponsor
Sen. Joe Manchin (D-WV),M001183,Joe,Manchin,sen,,WV,D,https://www.facebook.com/JoeManchinIII,@Sen_JoeManchin,Champion,2,,Crapo-Nelson 65 Letter;01.30.18;Letter Sponsor|WV Del EGWP Letter;03.12.18;Letter Sponsor
Sen. Lamar Alexander (R-TN),A000360,Lamar,Alexander,sen,,TN,R,https://www.facebook.com/senatorlamaralexander,@SenAlexander,Supporter,1,,Crapo-Nelson 65 Letter;01.30.18;Letter Sponsor
Sen. Angus King (I-ME),K000383,Angus,King,sen,,ME,I,https://www.facebook.com/SenatorAngusSKingJr,@SenAngusKing,Supporter,1,,Crapo-Nelson 65 Letter;01.30.18;Letter Sponsor
Sen. Richard Burr (R-NC),B001135,Richard,Burr,sen,,NC,R,https://www.facebook.com/SenatorRichardBurr,@SenatorBurr,Supporter,1,,Crapo-Nelson 65 Letter;01.30.18;Letter Sponsor
Sen. Maria Cantwell (D-WA),C000127,Maria,Cantwell,sen,,WA,D,https://www.facebook.com/senatorcantwell/,@SenatorCantwell,Supporter,1,,Crapo-Nelson 65 Letter;01.30.18;Letter Sponsor
Sen. Ben Cardin (D-MD),C000141,Ben,Cardin,sen,,MD,D,,@SenatorCardin,,,,
Sen. Tom Carper (D-DE),C000174,Tom,Carper,sen,,DE,D,https://www.facebook.com/tomcarper,@SenatorCarper,Supporter,1,,Crapo-Nelson 65 Letter;01.30.18;Letter Sponsor
Sen. Susan Collins (R-ME),C001035,Susan,Collins,sen,,ME,R,https://www.facebook.com/susancollins,@SenatorCollins,Supporter,1,,Crapo-Nelson 65 Letter;01.30.18;Letter Sponsor
Whip Dick Durbin (D-IL),D000563,Richard,Durbin,sen,,IL,D,,@SenatorDurbin,,,,
Sen. Mike Enzi (R-WY),E000285,Mike,Enzi,sen,,WY,R,https://www.facebook.com/mikeenzi/,@SenatorEnzi,Supporter,1,,Crapo-Nelson 65 Letter;01.30.18;Letter Sponsor
Sen. Deb Fischer (R-NE),F000463,Deb,Fischer,sen,,NE ,R,https://www.facebook.com/senatordebfischer,@SenatorFischer,Supporter,1,,Crapo-Nelson 65 Letter;01.30.18;Letter Sponsor
Sen. Maggie Hassan (D-NH),H001076,Maggie,Hassan,sen,,NH,D,https://www.facebook.com/SenatorHassan/,@SenatorHassan,,,,
Sen. Heidi Heitkamp (D-ND),H001069,Heidi,Heitkamp,sen,,ND,D,https://www.facebook.com/SenatorHeidiHeitkamp,@SenatorHeitkamp,Supporter,1,,Crapo-Nelson 65 Letter;01.30.18;Letter Sponsor
Sen. Johnny Isakson (R-GA),I000055,Johnny,Isakson,sen,,GA,R,https://www.facebook.com/isakson/,@SenatorIsakson,Supporter,1,,Crapo-Nelson 65 Letter;01.30.18;Letter Sponsor
Sen. James Lankford (R-OK),L000575,James,Lankford,sen,,OK,R,https://www.facebook.com/SenatorLankford,@SenatorLankford,Supporter,1,,Crapo-Nelson 65 Letter;01.30.18;Letter Sponsor
"Sen. Patrick ""Pat"" Leahy (D-VT)",L000174,Patrick,Leahy,sen,,VT,D,https://www.facebook.com/SenatorPatrickLeahy,@SenatorLeahy,,,,
"Sen. Robert ""Bob"" Menendez (D-NJ)",M000639,Robert,Menendez,sen,,NJ,D,,@SenatorMenendez,,,,
"Sen. James ""Jim"" Risch (R-ID)",R000584,James,Risch,sen,,ID,R,https://www.facebook.com/SenatorJimRisch/,@SenatorRisch,Supporter,1,,Crapo-Nelson 65 Letter;01.30.18;Letter Sponsor
Sen. Mike Rounds (R-SD),R000605,Mike,Rounds,sen,,SD,R,https://www.facebook.com/SenatorMikeRounds,@SenatorRounds,Supporter,1,,Crapo-Nelson 65 Letter;01.30.18;Letter Sponsor
Sen. Jeanne Shaheen (D-NH),S001181,Jeanne,Shaheen,sen,,NH,D,https://www.facebook.com/SenatorShaheen,@SenatorShaheen,Supporter,1,,Crapo-Nelson 65 Letter;01.30.18;Letter Sponsor
Sen. Jon Tester (D-MT),T000464,Jon,Tester,sen,,MT,D,https://www.facebook.com/senatortester,@SenatorTester,Supporter,1,,Crapo-Nelson 65 Letter;01.30.18;Letter Sponsor
Sen. Tim Scott (R-SC),S001184,Tim,Scott,sen,,SC,R,https://www.facebook.com/SenatorTimScott,@SenatorTimScott,Supporter,2,,Crapo-Nelson 65 Letter;01.30.18;Letter Sponsor|Sen GOP Finance Cmte;03.20.18;Letter Sponsor
Sen. Tom Udall (D-NM),U000039,Tom,Udall,sen,,NM,D,https://www.facebook.com/senatortomudall,@SenatorTomUdall,Supporter,1,,Crapo-Nelson 65 Letter;01.30.18;Letter Sponsor
Sen. Mark Warner (D-VA),W000805,Mark,Warner,sen,,VA,D,https://www.facebook.com/MarkRWarner,@senatorwarner,Supporter,1,,Crapo-Nelson 65 Letter;01.30.18;Letter Sponsor
Sen. Roger Wicker (R-MS),W000437,Roger,Wicker,sen,,MS,R,https://www.facebook.com/SenatorWicker,@SenatorWicker,Supporter,1,,Crapo-Nelson 65 Letter;01.30.18;Letter Sponsor
Sen. Michael Bennet (D-CO),B001267,Michael,Bennet,sen,,CO,D,https://www.facebook.com/senbennetco/,@SenBennetCO,Supporter,1,,Crapo-Nelson 65 Letter;01.30.18;Letter Sponsor
Sen. Bill Nelson (D-FL),N000032,Bill,Nelson,sen,,FL,D,https://www.facebook.com/billnelson,@SenBillNelson,Champion,1,,Crapo-Nelson 65 Letter;01.30.18;Letter Sponsor
"Sen. Richard ""Dick"" Blumenthal (D-CT)",B001277,Richard,Blumenthal,sen,,CT,D,https://www.facebook.com/SenBlumenthal/,@SenBlumenthal,Supporter,1,,Crapo-Nelson 65 Letter;01.30.18;Letter Sponsor
"Sen. Robert ""Bob"" Casey (D-PA)",C001070,Bob,Casey,sen,,PA,D,,@SenBobCasey,Supporter,1,,Crapo-Nelson 65 Letter;01.30.18;Letter Sponsor
Sen. Bob Corker (R-TN),C001071,Bob,Corker,sen,,TN,R,https://www.facebook.com/bobcorker/?ref=ts,@SenBobCorker,,,,
Sen. Brian Schatz (D-HI),S001194,Brian,Schatz,sen,,HI,D,https://www.facebook.com/SenBrianSchatz,@SenBrianSchatz,Supporter,1,,Crapo-Nelson 65 Letter;01.30.18;Letter Sponsor
Sen. Shelley Capito (R-WV),C001047,Shelley Moore,Capito,sen,,WV,R,,@SenCapito,Champion,2,,Crapo-Nelson 65 Letter;01.30.18;Letter Sponsor|WV Del EGWP Letter;03.12.18;Letter Sponsor
Sen. Catherine Cortez Masto (D-NV),C001113,Catherine,Cortez Masto,sen,,NV,D,https://www.facebook.com/SenatorCortezMasto/,@SenCortezMasto,,,,
Sen. Cory Gardner (R-CO),G000562,Cory,Gardner,sen,,CO,R,https://www.facebook.com/SenCoryGardner,@SenCoryGardner,Supporter,1,,Crapo-Nelson 65 Letter;01.30.18;Letter Sponsor
Sen. David Perdue (R-GA),P000612,David,Perdue,sen,,GA,R,https://www.facebook.com/SenatorDavidPerdue,@sendavidperdue,Supporter,1,,Crapo-Nelson 65 Letter;01.30.18;Letter Sponsor
Sen. Dean Heller (R-NV),H001041,Dean,Heller,sen,,NV,R,https://www.facebook.com/SenDeanHeller/,@SenDeanHeller,Supporter,2,,Crapo-Nelson 65 Letter;01.30.18;Letter Sponsor|Sen GOP Finance Cmte;03.20.18;Letter Sponsor
Sen. Joe Donnelly (D-IN),D000607,Joe,Donnelly,sen,,IN,D,https://www.facebook.com/senatordonnelly,@SenDonnelly,Supporter,1,,Crapo-Nelson 65 Letter;01.30.18;Letter Sponsor
Sen. Doug Jones (D-AL),J000300,Doug,Jones,sen,,AL,D,https://www.facebook.com/senatordougjones/,@SenDougJones,Supporter,1,,Crapo-Nelson 65 Letter;01.30.18;Letter Sponsor
Sen. Tammy Duckworth (D-IL),D000622,Tammy,Duckworth,sen,,IL,D,https://www.facebook.com/SenDuckworth,@SenDuckworth,,,,
Sen. Dianne Feinstein (D-CA),F000062,Dianne,Feinstein,sen,,CA,D,https://www.facebook.com/SenatorFeinstein/,@SenFeinstein,,,,
Sen. Gary Peters (D-MI),P000595,Gary,Peters,sen,,MI,D,https://www.facebook.com/SenGaryPeters,@SenGaryPeters,Supporter,1,,Crapo-Nelson 65 Letter;01.30.18;Letter Sponsor
Sen. Kirsten Gillibrand (D-NY),G000555,Kirsten,Gillibrand,sen,,NY,D,https://www.facebook.com/KirstenGillibrand/,@SenGillibrand,,,,
Sen. Jack Reed (D-RI),R000122,Jack,Reed,sen,,RI,D,https://www.facebook.com/SenJackReed/,@SenJackReed,,,,
Sen. Jeff Merkley (D-OR),M001176,Jeff,Merkley,sen,,OR,D,https://www.facebook.com/jeffmerkley,@SenJeffMerkley,Supporter,1,,Crapo-Nelson 65 Letter;01.30.18;Letter Sponsor
Sen. John Barrasso (R-WY),B001261,John,Barrasso,sen,,WY,R,https://www.facebook.com/johnbarrasso/,@senjohnbarasso,Supporter,1,,Crapo-Nelson 65 Letter;01.30.18;Letter Sponsor
Sen. John Hoeven (R-ND),H001061,John,Hoeven,sen,,ND,R,https://www.facebook.com/SenatorJohnHoeven,@SenJohnHoeven,Supporter,1,,Crapo-Nelson 65 Letter;01.30.18;Letter Sponsor
Sen. John Kennedy (R-LA),K000393,John,Kennedy,sen,,LA,R,https://www.facebook.com/JohnKennedyLouisiana/,@SenJohnKennedy,Supporter,1,,Crapo-Nelson 65 Letter;01.30.18;Letter Sponsor
Sen. John McCain (R-AZ),M000303,John,McCain,sen,,AZ,R,https://www.facebook.com/johnmccain,@SenJohnMcCain,Supporter,1,,Crapo-Nelson 65 Letter;01.30.18;Letter Sponsor
Sen. John Thune (R-SD),T000250,John,Thune,sen,,SD,R,https://www.facebook.com/johnthune/,@SenJohnThune,Supporter,2,,Crapo-Nelson 65 Letter;01.30.18;Letter Sponsor|Sen GOP Finance Cmte;03.20.18;Letter Sponsor
Sen. Joni Ernst (R-IA),E000295,Joni,Ernst,sen,,IA,R,https://www.facebook.com/senjoniernst,@SenJoniErnst,Supporter,1,,Crapo-Nelson 65 Letter;01.30.18;Letter Sponsor
"Sen. Edward ""Ed"" Markey (D-MA)",M000133,Edward,Markey,sen,,MA,D,https://www.facebook.com/EdJMarkey,@SenMarkey,,,,
Sen. Mike Lee (R-UT),L000577,Mike,Lee,sen,,UT,R,https://www.facebook.com/senatormikelee,@SenMikeLee,,,,
Sen. Orrin Hatch (R-UT),H000338,Orrin,Hatch,sen,,UT,R,https://www.facebook.com/senatororrinhatch,@SenOrrinHatch,Supporter,1,,Sen GOP Finance Cmte;03.20.18;Letter Sponsor
Sen. Pat Roberts (R-KS),R000307,Pat,Roberts,sen,,KS,R,https://www.facebook.com/SenPatRoberts,@SenPatRoberts,Supporter,2,,Crapo-Nelson 65 Letter;01.30.18;Letter Sponsor|Sen GOP Finance Cmte;03.20.18;Letter Sponsor
Sen. Rob Portman (R-OH),P000449,Rob,Portman,sen,,OH,R,https://www.facebook.com/senrobportman,@senrobportman,Supporter,2,,Crapo-Nelson 65 Letter;01.30.18;Letter Sponsor|Sen GOP Finance Cmte;03.20.18;Letter Sponsor
Sen. Ron Johnson (R-WI),J000293,Ron,Johnson,sen,,WI,R,https://www.facebook.com/senronjohnson/,@SenRonJohnson,Supporter,1,,Crapo-Nelson 65 Letter;01.30.18;Letter Sponsor
Sen. Bernie Sanders (I-VT),S000033,Bernie,Sanders,sen,,VT,I,https://www.facebook.com/senatorsanders,@SenSanders,,,,
"Sen. Benjamin ""Ben"" Sasse (R-NE)",S001197,Benjamin,Sasse,sen,,NE ,R,https://www.facebook.com/SenatorSasse,@SenSasse,Supporter,1,,Crapo-Nelson 65 Letter;01.30.18;Letter Sponsor
"Leader Charles ""Chuck"" Schumer (D-NY)",S000148,Charles,Schumer,sen,,NY,D,https://www.facebook.com/senschumer/,@SenSchumer,,,,
Sen. Richard Shelby (R-AL),S000320,Richard,Shelby,sen,,AL,R,https://www.facebook.com/RichardShelby,@SenShelby,Supporter,1,,Crapo-Nelson 65 Letter;01.30.18;Letter Sponsor
Sen. Sherrod Brown (D-OH),B000944,Sherrod,Brown,sen,,OH,D,https://www.facebook.com/sherrod/,@SenSherrodBrown,,,,
Sen. Debbie Stabenow (D-MI),S000770,Debbie,Stabenow,sen,,MI,D,https://www.facebook.com/stabenow/,@SenStabenow,,,,
Sen. Ted Cruz (R-TX),C001098,Ted,Cruz,sen,,TX,R,https://www.facebook.com/SenatorTedCruz,@SenTedCruz,,,,
Sen. Thad Cochran (R-MS),C000567,Thad,Cochran,sen,,MS,R,https://www.facebook.com/pages/Thad-Cochran/112579798754326,@SenThadCochran,Supporter,1,,Crapo-Nelson 65 Letter;01.30.18;Letter Sponsor
Sen. Thom Tillis (R-NC),T000476,Thom,Tillis,sen,,NC,R,https://www.facebook.com/SenatorThomTillis,@SenThomTillis,Supporter,1,,Crapo-Nelson 65 Letter;01.30.18;Letter Sponsor
Sen. Tina Smith (D-MN),S001203,Tina,Smith,sen,,MN,D,https://www.facebook.com/USSenTinaSmith/,@SenTinaSmith,,,,
Sen. Todd Young (R-IN),Y000064,Todd,Young,sen,,IN,R,https://www.facebook.com/SenatorToddYoung,@SenToddYoung,Supporter,1,,Crapo-Nelson 65 Letter;01.30.18;Letter Sponsor
Sen. Tom Cotton (R-AR),C001095,Tom,Cotton,sen,,AR,R,https://www.facebook.com/SenatorTomCotton,@SenTomCotton,Supporter,1,,Crapo-Nelson 65 Letter;01.30.18;Letter Sponsor
Sen. Pat Toomey (R-PA),T000461,Pat,Toomey,sen,,PA,R,,@SenToomey,,,,
Sen. Elizabeth Warren (D-MA),W000817,Elizabeth,Warren,sen,,MA,D,https://www.facebook.com/senatorelizabethwarren,@SenWarren,,,,
Sen. Sheldon Whitehouse (D-RI),W000802,Sheldon,Whitehouse,sen,,RI,D,https://www.facebook.com/SenatorWhitehouse,@SenWhitehouse,,,,
Speaker Paul Ryan (R-WI-1),R000570,Paul,Ryan,rep,1,WI,R,https://www.facebook.com/paulryanwi,@SpeakerRyan,,,,
Del. Stacey Plaskett (D-VI-1),P000610,Stacey,Plaskett,rep,0,VI,D,https://www.facebook.com/repstaceyplaskett/,@StaceyPlaskett,,,,
Sen. Steve Daines (R-MT),D000618,Steve,Daines,sen,,MT,R,https://www.facebook.com/SteveDainesMT,@SteveDaines,Supporter,1,,Crapo-Nelson 65 Letter;01.30.18;Letter Sponsor
Rep. Steve King (R-IA-4),K000362,Steve,King,rep,4,IA,R,https://www.facebook.com/SteveKingIA,@SteveKingIA,Supporter,1,,Guthrie 298 Letter;02.01.18;Letter Sponsor
Rep. Steve Knight (R-CA-25),K000387,Steve,Knight,rep,25,CA,R,https://www.facebook.com/RepresentativeSteveKnight,@SteveKnight25,Supporter,1,,Guthrie 298 Letter;02.01.18;Letter Sponsor
Whip Steve Scalise (R-LA-1),S001176,Steve,Scalise,rep,1,LA,R,https://www.facebook.com/RepSteveScalise,@SteveScalise,,,,
Rep. Susan Brooks (R-IN-5),B001284,Susan,Brooks,rep,5,IN,R,https://www.facebook.com/CongresswomanSusanWBrooks,@SusanWBrooks,Champion,1,1,Guthrie 298 Letter;02.01.18;Letter Sponsor|H.R. 3727: Increasing Telehealth Access in Medicare (ITAM) Act;2017-09-11;Original Cosponsor
Sen. Tammy Baldwin (D-WI),B001230,Tammy,Baldwin,sen,,WI,D,https://www.facebook.com/TammyBaldwin/,@tammybaldwin,,,,
Rep. Seth Moulton (D-MA-6),M001196,Seth,Moulton,rep,6,MA,D,https://www.facebook.com/CongressmanSethMoulton,@teammoulton,,,,
Rep. Trey Gowdy (R-SC-4),G000566,Trey,Gowdy,rep,4,SC,R,https://www.facebook.com/RepTreyGowdy,@TGowdySC,,,,
Sen. Tim Kaine (D-VA),K000384,Tim,Kaine,sen,,VA,D,https://www.facebook.com/SenatorKaine,@timkaine,,,,
Rep. Todd Rokita (R-IN-4),R000592,Todd,Rokita,rep,4,IN,R,https://www.facebook.com/RepToddRokita?sk=wall,@ToddRokita,Supporter,1,,Guthrie 298 Letter;02.01.18;Letter Sponsor
Rep. Tom Cole (R-OK-4),C001053,Tom,Cole,rep,4,OK,R,https://www.facebook.com/TomColeOK04,@TomColeOK04,Supporter,1,,Guthrie 298 Letter;02.01.18;Letter Sponsor
Rep. Tom Rooney (R-FL-17),R000583,Tom,Rooney,rep,17,FL,R,https://www.facebook.com/reptomrooney,@TomRooney,Supporter,1,,Guthrie 298 Letter;02.01.18;Letter Sponsor
Rep. Tulsi Gabbard (D-HI-2),G000571,Tulsi,Gabbard,rep,2,HI,D,https://www.facebook.com/RepTulsiGabbard,@TulsiPress,Supporter,1,,Guthrie 298 Letter;02.01.18;Letter Sponsor
Rep. Randy Weber (R-TX-14),W000814,Randy,Weber,rep,14,TX,R,https://www.facebook.com/TXRandy14,@TXRandy14,Supporter,1,,Guthrie 298 Letter;02.01.18;Letter Sponsor
Rep. Gary Palmer (R-AL-6),P000609,Gary,Palmer,rep,6,AL,R,,@USRepGaryPalmer,,,,
Rep. Kathy Castor (D-FL-14),C001066,Kathy,Castor,rep,14,FL,D,https://www.facebook.com/USRepKathyCastor,@USRepKCastor,,,,
Rep. Bill Keating (D-MA-9),K000375,Bill,Keating,rep,9,MA,D,,@USRepKeating,,,,
Rep. Billy Long (R-MO-7),L000576,Billy,Long,rep,7,MO,R,https://www.facebook.com/Rep.Billy.Long,@USRepLong,Supporter,2,,Guthrie 298 Letter;02.01.18;Letter Sponsor|W&M/E&C GOP Letter;03.15.18;Letter Sponsor
Rep. Mike Doyle (D-PA-14),D000482,Mike,Doyle,rep,14,PA,D,https://www.facebook.com/usrepmikedoyle,@USRepMikeDoyle,Champion,2,1,Guthrie 298 Letter;02.01.18;Letter Sponsor|PA Del EGWP Letter;03.19.18;Letter Sponsor|H.R. 908: Medicare Advantage Quality Payment Relief Act;2017-02-07;Original Cosponsor
Rep. Rick Nolan (D-MN-8),N000127,Rick,Nolan,rep,8,MN,D,,@USRepRickNolan,,,,
Rep. Rick Nolan (D-MN-8),N000127,Rick,Butterfield,rep,1,NC,D,,@USRepRickNolan,Supporter,1,,Guthrie 298 Letter;02.01.18;Letter Sponsor
Rep. Rodney Frelinghuysen (R-NJ-11),F000372,Rodney,Frelinghuysen,rep,11,NJ,R,https://www.facebook.com/rfrelinghuysen,@USRepRodney,Supporter,1,,Guthrie 298 Letter;02.01.18;Letter Sponsor
Rep. Vern Buchanan (R-FL-16),B001260,Vern,Buchanan,rep,16,FL,R,https://www.facebook.com/CongressmanBuchanan,@VernBuchanan,Supporter,2,,Guthrie 298 Letter;02.01.18;Letter Sponsor|W&M/E&C GOP Letter;03.15.18;Letter Sponsor
Rep. Virginia Foxx (R-NC-5),F000450,Virginia,Foxx,rep,5,NC,R,https://www.facebook.com/RepVirginiaFoxx,@VirginiaFoxx,,,,
Rep. Warren Davidson (R-OH-8),D000626,Warren,Davidson,rep,8,OH,R,http://www.facebook.com/CongressmanWarrenDavidson,@WarrenDavidson,Supporter,1,,Guthrie 298 Letter;02.01.18;Letter Sponsor
Whip Steny Hoyer (D-MD-5),H000874,Steny,Hoyer,rep,5,MD,D,https://www.facebook.com/WhipHoyer,@WhipHoyer,,,,
Rep. Yvette Clarke (D-NY-9),C001067,Yvette,Clarke,rep,9,NY,D,https://www.facebook.com/repyvettedclarke,@YvetteClarke,Supporter,1,,Guthrie 298 Letter;02.01.18;Letter Sponsor
Rep. Alcee Hastings (D-FL-20),H000324,Alcee,Hastings,rep,20,FL,D,https://www.facebook.com/pages/Congressman-Alcee-L-Hastings/95696782238?ref=ts,@RepHastingsFL,Supporter,1,,Guthrie 298 Letter;02.01.18;Letter Sponsor
Rep. Greg Gianforte (R-MT-1),G000584,Greg,Gianforte,rep,0,MT,R,https://www.facebook.com/GregForMontana/,@GregForMontana,Supporter,1,,Guthrie 298 Letter;02.01.18;Letter Sponsor
Rep. Rob Wittman (R-VA-1),W000804,Rob,Wittman,rep,1,VA,R,https://www.facebook.com/RepRobWittman,@RobWittman,Supporter,1,,Guthrie 298 Letter;02.01.18;Letter Sponsor
Sen. Mike Crapo (R-ID),C000880,Mike,Crapo,sen,,ID,R,https://www.facebook.com/mikecrapo,@MikeCrapo,Champion,2,,Crapo-Nelson 65 Letter;01.30.18;Letter Sponsor|Sen GOP Finance Cmte;03.20.18;Letter Sponsor
